Postcode,0-4 years,5-9 years,10-14 years,15-19 years,20-24 years,25-29 years,30-34 years,35-39 years,40-44 years,45-49 years,50-54 years,55-59 years,60-64 years,65-69 years,70-74 years,75-79 years,80-84 years,85-89 years,90-94 years,95-99 years,100 years and over,Total
3000,735,320,161,3561,11898,8697,5045,2325,1246,968,791,689,572,448,256,127,73,42,31,6,0,37979
3002,157,83,60,86,343,725,680,444,274,282,289,302,365,301,242,105,77,93,40,17,6,4957
3003,184,115,97,193,915,1252,933,488,355,264,223,159,112,91,74,45,12,13,4,0,0,5516
3004,284,177,106,257,819,1432,1365,907,600,458,508,472,482,507,349,214,124,131,70,41,8,9311
3005,32,16,6,14,56,90,96,62,29,27,33,26,11,16,6,7,0,0,0,0,0,523
3006,584,206,118,814,3211,4165,3436,1757,975,720,708,654,489,454,255,149,66,40,8,3,5,18811
3008,524,135,81,427,1513,2281,1696,891,561,475,528,460,333,289,139,61,32,11,7,0,0,10438
3010,3,0,6,756,658,80,28,14,4,5,8,9,11,7,10,0,0,0,0,0,0,1595
3011,1348,827,511,825,2287,3183,2847,2134,1465,1254,1018,1008,723,584,385,381,295,242,112,34,5,21464
3012,1987,1470,996,1071,2118,3035,3093,2539,2061,1709,1368,1223,997,734,532,482,423,288,141,33,4,26295
3013,1159,977,695,601,794,1198,1504,1561,1440,1182,973,728,565,408,302,295,276,225,73,22,0,14967
3015,1455,1333,868,765,889,1151,1502,1676,1706,1348,1173,1038,760,547,393,291,266,186,107,19,0,17472
3016,852,1060,1029,1072,835,672,729,890,1146,1353,1392,1239,962,842,510,373,251,225,90,25,0,15558
3018,784,724,593,536,594,748,914,1010,965,952,849,822,724,682,589,426,398,265,85,28,0,12685
3019,628,558,511,556,928,960,876,663,598,537,502,501,448,349,205,151,121,77,35,6,0,9199
3020,3064,2482,2195,2520,3610,4224,4115,3242,2899,2707,2524,2386,2142,1911,1590,1246,1009,612,266,48,7,44784
3021,3519,3076,2894,3303,4513,4707,4303,3588,3193,3313,3144,3207,3216,2957,1997,1495,1024,523,173,37,7,54190
3022,218,174,161,145,195,282,348,218,230,167,161,153,146,137,96,81,73,59,56,6,0,3102
3023,5274,5381,4652,4280,4157,4483,5519,5871,5616,4513,3533,3026,2577,2079,1242,856,484,290,102,24,3,63974
3024,2469,2291,1698,1436,1414,1918,2666,2191,1775,1451,1174,987,819,665,398,239,162,63,29,4,0,23852
3025,935,738,582,629,666,857,1003,920,829,739,571,537,500,493,538,595,534,319,137,37,3,12155
3026,0,0,0,0,6,0,3,0,0,9,11,6,7,13,4,0,0,0,0,0,0,72
3027,885,543,326,311,349,652,1093,855,557,340,243,195,156,86,24,23,6,5,5,0,0,6650
3028,1914,1733,1505,1582,2081,2520,2556,2086,1964,2024,2049,1976,1571,1315,853,627,458,264,94,34,6,29198
3029,9579,7959,5999,5636,6108,8203,10980,8813,6332,5414,4862,4188,3326,2739,1737,1046,594,306,92,19,4,93946
3030,9495,8429,6559,5754,5867,7161,9664,9561,8129,6941,5739,4708,3947,3047,1993,1449,935,594,274,59,4,100311
3031,1245,945,719,743,1539,2427,2429,1782,1351,1196,863,864,722,567,364,297,244,143,59,17,3,18533
3032,1868,1525,1283,1408,2685,3407,3260,2407,2165,2022,1741,1659,1264,997,611,457,323,237,106,15,0,29449
3033,825,866,803,787,781,823,840,895,1054,1058,922,772,716,860,888,761,478,254,103,29,0,14512
3034,635,591,559,550,627,635,797,757,765,753,690,678,616,719,712,644,502,262,113,18,0,11633
3036,245,364,397,426,369,269,255,314,351,456,449,419,384,421,298,185,151,129,49,10,0,5921
3037,3621,4268,3970,3814,3594,3342,3839,4162,4440,3923,3352,2654,2056,1528,1020,647,439,287,160,29,6,51156
3038,1221,1388,1752,1999,2221,1833,1387,1374,1728,2110,2292,2325,1880,1463,936,629,405,236,76,15,0,27258
3039,795,782,696,701,1054,1202,1276,1100,1044,1007,923,854,713,600,421,344,349,243,117,35,0,14252
3040,1254,1431,1596,1722,1869,2089,2043,1593,1854,2017,1813,1682,1434,1067,720,600,476,403,223,47,4,25939
3041,615,814,855,815,825,731,774,804,970,960,868,784,751,564,373,312,266,221,83,24,0,12412
3042,997,890,800,743,841,1055,1191,1222,1145,1157,977,905,772,860,667,606,480,330,133,12,0,15762
3043,1102,941,899,901,1056,1279,1340,1250,1202,1144,1017,1067,1043,1204,890,671,383,228,69,10,4,17715
3044,1856,1667,1499,1412,1694,2095,2410,2267,2078,1948,1754,1424,1069,911,670,682,710,582,324,56,10,27116
3045,0,0,0,6,23,20,9,17,6,3,9,0,3,3,0,0,4,0,0,0,0,100
3046,2441,1990,1609,1722,2363,3355,3434,2730,2146,1959,1898,1598,1282,1223,1016,1141,1040,752,283,59,6,34061
3047,1760,1564,1408,1433,1735,1997,1735,1310,1216,1256,1236,1037,808,641,614,467,410,212,60,14,3,20901
3048,1338,1376,1359,1465,1468,1395,1202,1151,1130,1235,1218,1011,797,676,502,354,214,100,31,5,0,18025
3049,469,535,579,644,668,655,559,543,621,704,724,693,630,468,331,201,145,65,26,7,0,9266
3050,24,0,0,3,12,8,18,6,16,3,7,0,3,10,5,0,7,0,0,0,0,119
3051,587,512,468,1088,2903,2583,1631,1049,848,675,589,501,444,378,237,190,146,64,23,14,10,14939
3052,200,111,107,424,1127,973,583,336,186,188,207,167,203,170,134,121,122,169,110,40,9,5697
3053,433,354,316,2567,5850,3042,1651,895,563,502,472,413,383,346,234,204,143,106,66,9,0,18538
3054,386,293,257,293,924,1278,1023,636,514,467,440,413,370,410,295,165,135,98,33,4,0,8426
3055,778,624,505,526,1293,1959,1618,1279,1005,877,764,661,582,448,358,344,252,192,72,28,4,14160
3056,1111,890,612,748,2721,3898,3389,2431,1707,1411,1101,1080,822,700,544,518,425,261,89,22,9,24475
3057,478,393,337,356,1158,2016,1817,1240,804,623,507,420,327,292,219,200,188,79,50,3,0,11502
3058,2232,1825,1536,1404,2554,3253,3316,2891,2621,2368,2013,1705,1449,1146,921,937,768,561,246,40,4,33783
3059,980,989,1088,1230,1275,1148,1024,924,1037,1247,1250,1065,831,605,363,240,114,51,12,3,4,15466
3060,1160,1057,807,773,902,1124,1265,1035,845,778,693,619,530,455,399,555,524,371,128,19,4,14040
3061,327,376,319,327,361,374,358,307,302,326,278,252,228,274,250,190,118,61,15,3,0,5059
3062,0,0,0,0,0,0,0,0,0,0,0,0,0,0,0,0,0,0,0,0,0,0
3063,19,35,54,51,29,29,13,35,51,48,59,32,27,34,19,11,13,0,5,0,0,574
3064,7255,6645,5694,5553,5524,6346,7165,6474,5212,5043,4499,3281,2495,1758,1070,670,424,231,89,21,0,75458
3065,544,378,268,302,867,1674,1470,1000,723,643,592,516,421,340,240,196,130,86,39,15,0,10447
3066,429,307,236,265,731,1594,1378,881,577,509,395,367,267,174,153,96,84,37,30,6,0,8512
3067,324,172,152,214,760,1698,1485,801,490,397,389,314,296,254,166,96,90,62,27,9,0,8199
3068,927,977,722,606,1166,2293,2165,1742,1438,1261,1075,1044,937,814,572,400,302,156,62,12,0,18665
3070,1377,1380,1258,1024,1557,2490,2555,2100,2038,2004,1519,1277,965,809,621,615,482,338,138,31,6,24567
3071,1132,1015,833,657,1269,1882,1950,1787,1635,1353,1084,882,705,568,440,487,452,294,121,22,5,18569
3072,1987,1807,1458,1476,2497,3127,3245,2854,2611,2488,1942,1748,1375,1132,881,859,703,429,178,54,8,32848
3073,3393,2660,2163,2201,3349,4609,4955,3940,3407,3199,2838,2625,2185,2050,1819,1781,1538,1156,496,97,6,50479
3074,1235,1088,1043,1041,1420,1675,1648,1365,1156,1174,1189,1191,1186,1239,1009,856,627,286,84,13,0,20522
3075,1582,1358,1203,1316,1414,1766,1909,1652,1466,1349,1282,1122,1118,1169,967,861,674,298,76,13,0,22594
3076,2827,2470,1882,1856,2232,2654,3189,2738,2299,2018,1934,1725,1423,1150,707,511,384,247,118,22,5,32395
3078,581,636,592,663,883,1065,1055,853,878,930,845,713,564,448,298,244,196,126,51,13,0,11638
3079,824,918,946,1031,968,1004,1066,1060,1062,1232,1182,1131,947,886,536,410,331,247,166,38,4,15990
3081,988,753,648,738,965,1270,1234,1033,864,803,867,782,669,584,362,291,248,205,113,20,0,13424
3082,1662,1620,1780,2037,2408,2248,2117,1722,1888,2184,2414,2290,1867,1325,801,568,444,218,98,21,0,29713
3083,1621,1503,1515,1916,3825,3194,2361,1781,2004,1908,1794,1645,1447,1429,1259,963,720,433,159,51,10,31526
3084,1587,1713,1501,1379,1423,1425,1554,1711,1894,1749,1680,1591,1345,1314,1125,914,738,566,253,43,0,25514
3085,944,947,743,771,916,895,950,1047,1092,1022,853,759,696,627,475,371,345,264,127,28,0,13882
3086,13,7,0,346,438,46,26,17,8,0,0,0,0,0,0,0,0,0,0,0,0,908
3087,604,572,488,490,494,548,683,715,711,628,494,557,457,487,357,341,221,139,40,15,0,9033
3088,1727,1812,1534,1486,1489,1581,1778,1921,1924,1878,1782,1795,1711,1510,1126,760,508,354,168,44,10,26890
3089,695,776,876,942,830,681,639,695,915,935,1022,866,657,508,304,175,112,59,37,3,0,11739
3090,79,173,222,230,172,106,86,113,172,233,222,171,114,110,73,44,24,12,0,0,0,2362
3091,63,84,128,143,127,89,42,62,94,151,146,135,91,92,89,34,20,13,5,5,0,1585
3093,213,207,202,225,227,212,222,240,262,268,247,282,244,234,197,145,112,74,61,21,0,3891
3094,636,598,499,486,423,515,555,704,692,698,514,603,585,540,409,231,147,88,38,7,0,8963
3095,1526,1934,2013,1978,1755,1186,1220,1532,2118,2302,2134,2249,2000,1559,1021,582,331,196,90,21,3,27770
3096,85,114,141,180,142,113,78,74,133,143,150,172,102,102,89,45,40,34,17,3,0,1966
3097,63,91,138,120,83,41,42,61,118,130,129,109,86,111,60,34,5,6,9,0,0,1443
3099,236,368,355,366,270,206,197,306,362,375,369,431,377,272,181,102,61,34,11,0,0,4877
3101,1063,1384,1500,1690,1905,1866,1551,1441,1537,1802,1747,1563,1382,1236,950,666,548,437,253,75,7,24604
3102,372,473,494,468,422,356,318,357,509,590,505,402,323,319,258,169,150,104,41,12,0,6634
3103,600,801,1044,1266,1106,891,679,722,930,1139,1143,1027,924,788,684,524,457,350,214,58,8,15343
3104,825,1248,1732,1851,1455,976,738,911,1362,1697,1701,1427,1060,966,684,602,498,433,208,33,6,20404
3105,553,547,545,604,631,611,603,654,681,814,790,686,531,556,569,618,486,297,77,8,0,10877
3106,698,926,974,1047,1017,871,843,851,957,1139,1247,1252,1160,1091,865,672,447,317,194,53,10,16620
3107,731,788,772,744,706,645,718,828,960,999,884,771,689,743,815,766,502,309,143,49,6,13557
3108,934,969,865,1220,1464,1720,1435,1221,1223,1327,1332,1232,1111,1112,1055,1040,854,463,180,49,22,20823
3109,1483,1721,1525,1880,1725,1637,1705,1852,1855,1906,1947,1813,1621,1533,1359,1204,770,549,225,50,11,28357
3111,625,697,791,808,710,592,593,683,794,930,847,845,707,710,598,493,362,306,185,59,8,12348
3113,391,601,714,689,529,301,312,412,626,811,722,688,553,458,304,191,95,47,18,4,0,8460
3114,135,266,359,376,286,121,71,138,270,413,331,312,226,180,166,90,67,28,9,0,0,3823
3115,155,208,303,366,314,146,114,151,253,343,367,330,256,213,136,73,52,22,4,0,0,3799
3116,582,554,604,684,654,684,619,578,619,732,631,664,571,590,465,300,172,107,46,3,0,9872
3121,1310,934,822,893,2465,5413,4720,2875,2069,1875,1508,1393,1161,1040,686,564,412,241,86,18,0,30502
3122,1021,1051,989,1411,2828,3256,2674,1836,1388,1303,1219,987,905,877,656,451,304,216,115,22,0,23508
3123,771,821,697,763,1305,1672,1329,1109,957,860,780,721,658,584,456,328,224,184,89,25,4,14319
3124,1004,1342,1521,1563,1659,1249,1143,1168,1385,1645,1592,1379,1168,1151,880,690,609,480,345,101,15,22091
3125,650,662,639,1287,2590,1592,976,701,816,848,735,629,566,504,448,402,400,353,184,33,4,15021
3126,317,504,577,646,599,393,283,350,455,583,627,580,526,472,372,238,197,169,110,43,3,8060
3127,912,1185,1307,1301,1313,1040,951,1054,1290,1495,1335,1270,1135,980,612,464,336,297,128,33,4,18445
3128,951,864,942,1334,2424,2289,1664,1205,1194,1264,1116,1075,863,655,535,468,445,349,156,37,0,19832
3129,1031,1037,1036,1124,1222,1183,1218,1144,1234,1286,1172,1073,897,767,579,500,434,263,137,32,4,17374
3130,1819,2099,2049,2029,1936,1839,2013,2062,2360,2403,2087,1942,1534,1408,1164,1142,1027,806,367,75,11,32171
3131,1398,1358,1231,1203,1336,1509,1751,1695,1673,1580,1323,1228,1064,994,870,820,650,549,214,60,6,22499
3132,1111,1039,853,797,893,1131,1419,1280,1259,1166,1008,910,783,713,634,501,342,202,87,12,0,16148
3133,1102,1379,1476,1478,1256,1056,1134,1379,1603,1578,1399,1306,1336,1440,1191,889,550,334,173,51,3,22119
3134,2010,2075,2045,2062,1973,2102,2299,2285,2395,2338,2230,2006,1783,1518,1298,878,673,472,251,82,9,32782
3135,1391,1249,1166,1166,1106,1159,1437,1467,1560,1433,1365,1137,1027,975,839,573,470,287,109,29,8,19954
3136,2981,2748,2428,2655,2687,2890,3319,3043,2957,2969,2959,2730,2473,2296,1750,1355,1031,697,312,78,3,44373
3137,894,845,821,821,900,907,1039,850,878,915,935,893,742,690,589,413,284,257,142,39,9,13872
3138,1539,1479,1314,1461,1488,1687,1643,1497,1415,1459,1407,1340,1192,1057,838,522,328,194,85,20,0,21964
3139,884,956,970,938,842,812,819,859,987,1021,1019,965,833,719,468,300,178,93,42,6,0,13722
3140,937,1070,1055,1135,1069,963,1026,1005,1168,1258,1183,1095,832,873,646,475,379,248,90,10,0,16532
3141,810,512,467,948,2866,4865,3984,2141,1386,1284,1112,1047,933,906,682,542,359,213,67,21,0,25149
3142,396,497,537,625,951,1096,953,687,689,786,791,840,838,949,797,562,411,293,159,46,0,12912
3143,459,414,363,399,656,928,958,727,613,570,520,439,453,438,398,291,192,134,83,13,9,9052
3144,535,653,698,597,652,823,671,646,739,740,682,635,587,585,501,438,331,229,112,35,0,10885
3145,1142,1447,1390,1495,2688,1953,1330,1423,1486,1745,1491,1323,1124,1026,705,572,423,323,156,43,8,23294
3146,1326,1740,1708,1661,1756,1801,1781,1631,1769,1905,1822,1512,1317,1117,833,642,422,317,162,43,0,25256
3147,926,1022,966,854,928,890,951,1005,1094,1150,991,877,762,611,480,387,278,243,163,40,14,14634
3148,562,453,324,393,821,1045,912,709,573,502,455,408,367,326,238,223,200,96,26,6,0,8643
3149,1610,1975,2122,2219,2440,2076,1936,1949,2304,2570,2314,1991,1673,1528,1360,1357,1165,726,256,43,6,33612
3150,2583,3438,3813,4311,4203,3302,3084,3379,4068,4323,4041,3677,3369,3371,2987,2558,1756,1167,538,106,11,60082
3151,492,501,473,571,970,759,659,593,667,661,601,587,506,505,570,532,357,197,56,8,3,10269
3152,1640,1825,1761,2110,2245,2072,2045,2039,1996,2154,2204,2431,2443,1981,1269,941,768,670,355,114,8,33089
3153,1443,1179,1010,1023,1258,1612,1872,1551,1373,1380,1239,1211,1042,1053,792,560,414,304,192,42,4,20552
3154,298,290,286,272,222,274,273,302,342,339,320,291,268,234,134,88,70,64,37,8,3,4418
3155,1494,1238,1071,1079,1335,1675,1875,1621,1510,1420,1356,1359,1352,1270,898,707,493,294,108,23,5,22193
3156,2238,2244,2326,2485,2452,2306,2392,2501,2660,2877,2841,2530,2206,1905,1317,951,589,369,194,62,4,37458
3158,398,442,425,445,432,382,339,463,550,538,561,514,448,346,176,106,45,27,11,4,0,6648
3159,150,188,193,188,163,138,125,168,218,222,216,211,181,133,67,35,23,11,9,0,0,2652
3160,554,616,613,608,509,479,530,654,709,705,705,673,634,456,264,165,86,48,11,0,0,9014
3161,848,867,799,747,1115,1482,1303,1001,915,852,807,862,887,888,479,427,332,336,249,64,9,15271
3162,1003,1083,973,903,1129,1074,1153,1159,1169,1287,1109,1022,995,1109,639,504,427,356,246,84,9,17452
3163,1954,1683,1285,1399,3035,3579,3571,2639,2210,1951,1821,1681,1428,1172,880,750,556,460,236,46,0,32355
3165,1865,2092,1825,1631,1434,1284,1668,2009,2323,2267,1903,1666,1331,1162,870,762,723,530,238,47,4,27636
3166,1419,1341,1164,1317,2156,2167,2036,1749,1769,1713,1396,1207,971,855,672,649,544,401,190,39,5,23759
3167,515,549,444,503,610,617,685,659,652,657,592,612,510,471,399,307,238,162,55,3,0,9259
3168,1000,613,462,1517,4760,3054,2220,1265,821,717,639,559,511,424,366,392,367,308,163,33,4,20200
3169,1192,995,862,1035,1726,1975,1854,1421,1130,1228,1118,1063,1059,1033,801,705,514,300,86,24,5,20122
3170,1197,1164,981,1014,1255,1366,1494,1389,1377,1296,1124,1040,1075,1029,934,701,447,280,163,41,9,19370
3171,1370,1093,1017,1329,2062,2178,1975,1399,1252,1286,1250,1145,1055,846,711,637,518,402,143,41,5,21713
3172,1326,1422,1416,1507,1643,1453,1517,1460,1485,1600,1583,1550,1303,1326,941,667,460,295,113,28,0,23091
3173,1749,1710,1652,1737,1798,1824,2057,1992,1832,1705,1615,1469,1350,1199,866,491,385,233,114,19,0,25785
3174,2706,2046,1925,2091,2934,3534,3799,2743,2392,2304,2108,2124,1948,1755,1398,1088,799,473,231,62,10,38465
3175,3837,3246,2777,2988,4240,4807,4963,4021,3487,3035,2858,2787,2513,2291,1767,1435,1147,735,291,54,10,53297
3177,826,742,624,665,864,973,1015,856,717,633,606,608,529,497,362,338,250,135,48,10,3,11305
3178,1865,2113,2253,2637,2501,1956,1956,2083,2428,2672,2870,2531,1873,1341,955,759,490,266,94,15,0,33669
3179,328,390,427,409,419,371,376,434,458,460,430,411,355,352,190,120,77,25,5,0,0,6019
3180,461,418,437,502,460,423,529,526,461,520,504,443,457,449,378,272,144,67,23,0,0,7462
3181,759,486,424,528,1790,3648,3314,1854,1308,1104,879,842,723,667,462,510,411,316,171,61,8,20267
3182,768,581,422,516,1889,3894,3792,2381,1780,1563,1453,1275,981,824,514,337,200,139,58,14,6,23394
3183,1194,970,763,703,1352,2697,2419,1809,1367,1130,905,803,680,604,360,259,214,168,73,16,0,18491
3184,845,743,556,472,851,1776,2212,1661,1395,1304,963,911,619,486,295,188,142,79,39,8,0,15547
3185,817,867,730,636,718,1183,1207,964,985,940,780,729,632,546,382,274,231,191,104,28,8,12932
3186,1080,1370,1586,1491,1198,943,1055,1186,1502,1864,1802,1717,1437,1448,1178,825,614,540,334,67,9,23258
3187,800,1195,1195,1012,768,533,576,809,1204,1350,1216,1094,881,786,675,555,489,473,302,74,16,15997
3188,1039,1301,1264,1240,930,740,888,1101,1392,1595,1521,1259,967,909,678,502,349,255,112,38,0,18082
3189,402,365,276,276,379,387,420,482,445,410,381,341,290,273,213,193,165,112,58,8,0,5894
3190,781,700,567,545,480,582,767,845,931,864,727,588,506,426,347,286,197,193,90,26,0,10457
3191,489,657,654,610,486,456,483,537,774,870,750,726,596,568,470,300,246,281,203,76,7,10242
3192,1391,1383,1240,1140,1174,1299,1584,1635,1734,1654,1390,1280,1127,1052,897,715,677,543,295,67,10,22292
3193,814,1305,1503,1261,1031,563,562,859,1369,1741,1539,1494,1354,1258,981,648,523,461,212,34,4,19505
3194,690,721,695,677,743,871,890,895,1009,990,889,794,682,650,550,448,324,268,126,39,10,12965
3195,2118,2562,2428,2299,1999,1811,1997,2512,2986,3204,2661,2245,1953,1512,1163,924,719,511,204,53,6,35867
3196,1765,1540,1223,1105,1231,1538,1986,2041,2052,1834,1598,1522,1393,1326,1039,818,586,483,200,52,5,25329
3197,644,642,640,641,589,629,652,781,854,905,845,838,797,710,485,353,258,176,73,19,0,11547
3198,1084,891,749,726,881,1092,1320,1261,1278,1188,1021,1122,977,922,705,496,383,251,81,16,3,16462
3199,3323,3067,2984,3170,3399,3519,3620,3416,3597,3715,3544,3602,3247,3062,2448,1807,1301,889,429,140,22,54299
3200,386,384,298,281,414,406,400,322,328,411,385,365,289,264,244,213,174,140,46,17,4,5759
3201,1562,1403,1212,1263,1358,1561,1638,1533,1504,1477,1395,1241,1007,831,568,420,312,272,124,24,0,20713
3202,175,263,223,163,181,131,151,218,282,262,194,144,130,126,77,57,55,43,23,0,0,2907
3204,1757,2066,2228,2092,1974,1915,1971,1892,2474,2680,2192,1882,1547,1208,855,702,488,429,231,49,8,30642
3205,564,367,332,334,730,1272,1399,1024,880,767,657,581,518,478,327,241,207,137,68,21,4,10919
3206,604,617,584,399,388,515,755,792,843,935,736,684,595,590,532,359,207,143,59,10,5,10366
3207,965,655,587,455,656,1269,1802,1622,1480,1311,1095,1092,885,863,583,416,247,141,48,14,0,16180
3211,67,89,89,106,88,54,65,62,103,123,118,117,84,72,36,23,21,8,4,0,0,1319
3212,1121,1111,1083,1058,1038,1136,1256,1216,1343,1237,1083,944,874,792,517,352,238,168,66,15,0,16650
3213,215,285,321,342,271,170,185,210,310,319,362,312,219,187,114,108,52,16,9,0,0,4032
3214,1489,1513,1632,2004,1837,1615,1455,1283,1442,1470,1563,1518,1376,1237,932,701,488,291,93,16,0,23960
3215,1200,1117,1024,1101,1332,1475,1404,1146,1324,1288,1242,1265,1174,1255,927,791,702,494,291,64,10,20615
3216,3434,3413,3281,3747,4582,3563,3569,3415,3642,3528,3348,3282,3017,2924,2340,1802,1466,1162,610,144,19,56285
3217,705,507,380,338,516,774,702,558,429,346,293,266,241,240,134,77,40,25,18,10,0,6607
3218,936,793,658,628,1004,1154,1106,996,953,922,893,804,717,589,401,350,257,172,78,15,3,13438
3219,1085,1037,983,1065,1475,1283,1225,1118,1173,1360,1437,1339,1274,1108,869,732,543,405,164,48,7,19719
3220,888,898,901,1042,1150,1213,1031,991,1041,1088,1131,1177,1042,843,638,481,328,288,143,40,0,16352
3221,59,51,61,50,43,25,24,39,60,54,63,65,45,55,24,19,10,3,0,0,0,754
3222,777,974,945,916,710,632,715,776,895,927,1029,1095,1106,1034,834,672,468,291,121,26,0,14962
3223,273,332,292,295,229,175,234,279,336,432,470,599,790,896,721,473,261,211,73,26,0,7401
3224,992,853,852,907,737,950,921,786,908,865,905,843,826,913,724,525,362,228,70,20,3,14187
3225,132,184,201,179,104,86,113,124,192,205,248,278,392,448,408,304,226,149,67,13,0,4058
3226,895,1107,898,761,561,547,809,926,1067,925,920,1023,992,994,682,394,318,212,113,34,4,14161
3227,302,389,399,256,173,111,197,277,399,346,313,347,412,346,254,135,90,49,15,0,0,4821
3228,1336,1462,1311,1017,704,848,1144,1319,1490,1389,1119,1091,1054,1001,680,442,269,167,81,19,0,17939
3230,114,131,138,111,84,99,114,108,149,167,190,200,217,232,191,108,81,64,33,12,0,2548
3231,33,69,81,70,47,36,40,32,86,85,121,137,130,110,78,58,35,20,3,0,0,1257
3232,51,48,50,37,38,65,60,59,56,45,70,102,111,92,81,53,38,29,13,4,3,1111
3233,73,99,83,78,81,104,91,93,105,131,132,192,219,199,140,102,53,31,18,4,0,2029
3234,13,16,0,0,0,10,13,9,16,4,14,25,25,15,11,0,0,0,0,0,0,179
3235,13,37,22,14,16,12,10,36,35,34,24,51,41,23,16,4,0,0,3,0,0,380
3236,4,4,12,15,11,9,7,4,14,19,21,33,29,25,8,6,5,4,0,0,0,230
3237,11,3,8,13,12,7,8,12,14,21,15,20,30,15,14,7,0,0,0,0,0,218
3238,5,13,7,18,3,3,8,9,16,22,26,23,17,20,14,10,6,0,0,0,0,219
3239,16,22,32,25,20,20,13,15,31,42,35,31,40,33,26,13,10,3,0,0,0,423
3240,108,146,174,162,94,61,92,134,137,174,179,166,133,119,63,41,28,12,0,0,0,2026
3241,135,128,182,148,119,88,140,147,148,168,197,174,226,178,128,93,79,50,32,8,6,2565
3242,62,43,53,39,29,28,51,53,47,60,56,64,58,77,52,34,10,5,0,0,0,828
3243,7,25,28,19,10,10,25,9,25,26,34,27,34,41,12,3,5,0,3,0,0,357
3249,164,237,229,201,112,107,147,144,219,221,283,256,276,250,168,90,59,34,7,3,0,3204
3250,743,749,720,714,745,767,668,643,673,782,736,817,788,718,604,524,392,277,149,22,7,12250
3251,25,21,37,36,26,19,25,15,26,36,55,26,45,49,29,22,13,9,0,0,0,522
3254,26,28,27,24,17,21,17,23,15,20,28,21,14,8,8,9,0,0,0,0,0,307
3260,247,307,266,250,218,206,189,252,250,292,339,344,354,413,307,236,153,89,47,8,3,4768
3264,114,150,141,145,117,99,97,114,125,121,163,182,154,148,124,120,88,59,21,4,0,2289
3265,146,211,211,217,119,132,126,109,178,202,229,233,179,117,101,56,29,16,5,0,0,2614
3266,177,194,206,222,151,149,132,133,179,230,250,206,178,183,161,130,107,63,27,7,0,3071
3267,10,25,16,15,10,14,13,10,12,17,28,23,18,12,11,6,6,3,0,0,0,245
3268,161,148,193,188,121,120,138,137,145,186,200,220,182,142,114,82,63,40,16,6,0,2601
3269,59,67,49,45,35,52,29,43,41,56,51,66,50,39,17,20,7,3,0,0,0,729
3270,12,18,9,10,8,16,6,10,9,17,15,26,27,14,21,11,3,5,3,0,0,251
3271,3,9,19,17,11,11,4,6,12,18,8,27,16,11,8,3,0,0,0,0,0,193
3272,83,98,108,62,72,68,53,65,81,89,103,112,125,123,92,83,62,37,20,4,0,1533
3273,4,9,16,9,5,4,5,0,10,12,12,15,10,9,6,5,0,0,3,0,0,146
3274,17,21,14,14,11,10,13,14,11,13,20,19,20,11,8,7,8,3,3,0,0,242
3275,29,34,30,43,26,14,26,24,32,48,35,19,28,17,6,4,9,6,0,0,0,426
3276,21,40,44,36,16,13,22,22,29,48,48,43,38,31,11,18,8,9,0,0,0,479
3277,152,132,132,123,123,102,111,120,121,141,138,151,109,106,62,43,26,22,4,0,0,1922
3278,21,29,22,12,17,9,21,19,26,16,20,20,19,19,13,6,6,5,0,0,0,315
3279,23,17,33,36,11,16,11,14,27,27,20,11,14,16,13,8,0,0,0,0,0,291
3280,1828,1953,1860,2087,2116,2072,1814,1765,1871,2079,2054,2048,1940,1798,1406,1065,874,602,285,69,8,31568
3281,102,139,150,131,73,65,79,123,137,137,136,110,117,101,54,28,9,7,5,6,0,1702
3282,154,174,159,139,114,121,141,134,187,153,186,152,167,122,110,67,48,22,13,0,0,2363
3283,66,118,120,87,63,33,61,71,95,105,131,115,107,92,45,18,9,12,0,0,0,1361
3284,202,221,189,140,87,143,158,202,198,193,200,255,291,296,224,167,124,92,44,11,3,3437
3285,57,67,87,78,46,21,39,75,88,118,93,102,109,122,50,29,17,7,3,0,0,1210
3286,24,42,44,27,18,17,19,30,27,46,52,46,39,54,28,24,13,15,3,0,0,564
3287,23,34,41,28,21,26,20,17,34,42,47,30,19,22,12,13,8,6,0,0,0,436
3289,46,46,50,39,30,20,38,26,35,38,65,69,71,59,42,22,16,19,5,8,0,757
3292,4,3,7,3,3,5,0,7,17,11,12,15,17,39,20,9,3,3,0,0,0,187
3293,19,23,21,13,7,8,14,23,27,20,17,24,36,21,13,13,9,6,0,0,0,302
3294,63,78,50,49,29,38,37,62,59,79,66,65,88,78,54,33,19,23,8,0,0,954
3300,541,520,596,680,569,497,500,483,545,611,682,710,701,676,590,430,340,257,118,25,4,10087
3301,68,84,118,64,40,49,41,62,74,107,103,89,107,102,48,38,14,14,3,0,0,1212
3302,15,27,27,24,11,9,23,16,25,46,28,29,32,19,19,12,7,5,4,0,0,371
3303,19,24,26,19,12,14,14,19,22,27,33,20,15,19,15,10,8,3,0,0,0,338
3304,128,161,158,142,128,102,134,126,161,184,228,251,229,221,160,86,76,50,10,0,0,2725
3305,688,685,775,820,651,541,642,658,815,876,1031,1044,989,887,577,487,311,227,89,22,3,12815
3309,5,7,11,12,0,3,0,7,7,18,5,5,10,13,8,9,0,0,0,0,0,126
3310,4,12,14,20,0,9,9,3,11,22,41,26,25,23,20,9,7,3,3,0,0,272
3311,64,72,98,76,67,57,56,58,78,87,140,129,136,135,137,128,82,59,42,4,0,1696
3312,63,62,62,76,35,37,33,42,70,82,86,84,82,74,59,45,24,18,7,0,0,1033
3314,24,43,34,31,12,18,40,25,34,34,32,42,57,44,22,15,9,7,0,0,0,525
3315,80,94,84,99,48,55,81,70,83,97,135,134,144,117,92,66,65,50,25,9,0,1629
3317,11,15,24,8,3,8,16,12,12,14,11,21,14,12,11,4,12,0,3,0,0,197
3318,61,74,66,63,56,63,50,47,53,84,99,102,91,101,92,66,46,29,14,8,7,1265
3319,12,8,23,11,12,11,8,23,22,28,31,43,35,24,14,19,12,7,4,3,0,345
3321,129,113,121,81,59,59,108,117,120,124,138,103,77,80,43,34,15,7,0,0,0,1519
3322,8,14,7,12,8,6,5,6,10,9,8,17,15,13,6,13,8,0,0,0,0,176
3323,0,3,8,5,4,5,3,4,6,4,10,9,12,9,6,4,5,3,0,0,0,88
3324,29,31,14,28,21,22,21,24,22,32,48,48,44,44,37,25,27,10,3,5,0,531
3325,30,31,28,24,15,12,17,17,25,28,27,49,39,44,29,28,18,8,4,5,0,480
3328,106,119,155,112,58,65,127,128,125,148,133,127,106,96,55,24,8,6,3,0,0,1720
3329,22,25,14,26,6,13,16,24,15,19,21,17,18,24,14,5,0,0,0,0,0,284
3330,11,16,21,11,4,8,13,14,22,17,12,13,12,19,12,12,7,4,0,0,0,222
3331,496,513,517,396,294,323,393,474,485,420,318,292,330,272,189,121,76,53,40,3,4,5996
3332,69,89,71,76,54,28,71,67,63,76,80,91,53,48,30,21,14,9,0,0,3,1013
3333,39,58,68,50,28,28,40,52,65,62,62,67,60,61,45,16,12,6,0,0,0,827
3334,26,37,35,47,15,18,23,30,43,42,45,53,48,43,18,22,7,6,0,0,0,566
3335,539,423,381,266,370,753,733,562,392,332,259,213,240,179,108,59,29,5,0,0,0,5859
3337,3065,2930,2462,2368,2485,2798,2826,2600,2464,2319,2095,2071,2009,1714,1053,600,321,182,69,20,0,36455
3338,2233,1934,1475,1333,1481,1826,2116,1873,1619,1361,1238,1132,1254,1066,589,334,281,166,74,18,4,23419
3340,1449,1582,1383,1390,1245,1277,1318,1427,1451,1547,1353,1321,1216,1161,840,497,319,221,105,16,4,21123
3341,90,92,126,143,84,60,82,101,140,148,154,118,104,109,68,21,15,3,6,0,0,1666
3342,192,238,206,212,141,140,188,211,221,249,326,250,211,219,170,113,77,41,24,10,0,3440
3345,57,84,94,64,40,42,54,69,93,100,112,91,80,81,49,15,8,8,3,0,0,1151
3350,3776,3772,3480,3860,4732,4110,3823,3646,3711,3708,3817,3695,3375,3072,2255,1729,1231,855,386,101,5,59147
3351,480,604,593,567,377,313,420,425,605,648,650,688,577,514,328,181,105,53,22,4,0,8169
3352,986,1221,1171,1044,714,645,862,1013,1153,1252,1306,1184,1116,976,685,337,184,120,32,5,3,16000
3355,781,736,738,858,871,839,692,630,691,828,727,773,757,760,758,600,499,308,149,25,3,13016
3356,1131,1058,925,1046,1371,1285,1100,920,940,911,992,832,864,912,668,512,417,276,131,27,0,16322
3357,258,328,266,209,174,113,171,238,276,264,251,265,270,263,137,114,66,34,13,6,0,3714
3360,28,44,37,44,21,31,23,40,54,51,57,74,68,87,48,29,15,9,0,0,0,765
3361,24,60,42,39,26,14,22,36,32,37,49,66,58,49,37,23,28,17,16,5,0,680
3363,201,205,196,155,155,172,175,168,202,211,232,269,241,263,200,163,117,83,61,9,3,3476
3364,94,141,142,107,73,48,101,110,136,152,185,200,198,204,122,60,45,22,3,0,0,2149
3370,63,96,106,107,81,58,66,78,105,115,128,160,191,138,113,77,61,33,5,0,0,1782
3371,29,39,44,51,46,31,26,46,53,73,83,120,120,93,47,43,23,20,5,0,0,990
3373,123,144,140,93,72,85,101,91,127,142,150,184,214,211,155,111,59,55,25,7,0,2291
3374,18,29,16,27,12,14,17,15,37,22,32,31,39,46,33,12,5,0,0,0,0,399
3375,23,20,8,13,8,3,11,17,9,13,13,17,17,13,13,7,5,0,0,0,0,206
3377,434,486,512,520,475,553,507,533,586,664,667,672,686,630,505,391,277,200,83,16,3,9414
3378,16,14,9,9,0,4,9,15,11,17,9,12,5,11,8,4,0,0,0,0,0,149
3379,44,51,45,30,24,30,24,49,38,56,31,85,78,71,50,43,36,5,3,0,0,801
3380,270,289,329,369,318,355,268,294,337,381,418,434,461,433,343,262,215,154,71,16,5,6033
3381,52,77,69,49,40,52,50,73,78,94,101,103,115,107,65,42,18,19,4,5,0,1211
3384,18,21,28,33,25,9,11,13,25,51,54,59,52,37,50,31,15,9,4,0,0,547
3385,19,27,28,21,21,26,18,31,26,39,46,55,56,44,20,22,11,3,0,0,0,517
3387,23,19,18,15,8,9,16,18,19,25,30,23,39,30,10,7,0,7,0,0,0,315
3388,24,37,26,33,26,16,28,24,27,36,53,55,37,30,37,30,22,26,6,0,0,562
3390,33,61,60,57,42,41,38,34,48,63,65,65,75,74,47,45,31,18,7,0,0,914
3391,8,9,13,13,11,4,9,6,12,14,15,17,15,15,13,8,6,3,0,0,0,172
3392,15,23,38,28,26,11,13,16,35,29,45,47,62,52,48,23,25,19,16,0,0,581
3393,122,175,146,143,127,126,131,105,133,173,198,221,179,189,153,136,90,89,45,7,0,2684
3395,13,16,13,24,10,27,15,14,9,26,30,39,35,26,27,21,14,11,5,0,0,361
3396,38,31,37,47,23,34,24,37,22,41,58,56,67,52,50,35,36,35,19,0,0,738
3400,957,920,818,819,910,987,902,770,790,780,882,947,916,831,692,604,495,329,156,26,3,14541
3401,236,358,333,340,173,158,194,211,335,379,368,376,296,262,178,113,58,36,12,3,0,4418
3407,13,32,26,28,12,14,24,17,24,40,34,42,29,31,27,21,13,4,4,0,0,422
3409,55,49,58,35,37,36,36,47,59,61,91,93,76,57,40,31,30,36,14,0,0,937
3412,19,14,7,27,11,13,15,9,7,25,33,18,25,24,21,24,7,6,0,0,0,299
3413,14,17,17,9,10,5,6,14,23,19,19,19,7,15,5,13,6,0,0,0,0,220
3414,74,71,109,107,79,63,74,83,99,122,135,181,150,142,106,88,69,56,30,5,0,1824
3415,0,0,3,3,7,0,0,0,3,4,7,4,6,0,0,0,0,0,0,0,0,40
3418,139,144,165,174,134,134,139,98,139,189,205,221,198,168,162,132,94,90,41,15,0,2771
3419,34,46,44,58,28,37,42,27,32,56,64,51,68,68,38,36,28,21,15,0,0,806
3420,15,26,29,8,6,22,21,19,18,14,23,21,12,14,10,11,0,5,0,0,0,277
3423,24,22,22,27,10,14,21,19,24,29,46,52,43,37,34,21,21,16,7,0,0,480
3424,37,51,47,34,32,25,28,42,32,46,54,57,69,62,64,37,27,23,14,0,0,769
3427,175,152,142,133,218,240,228,183,151,195,195,217,190,135,105,55,33,8,0,4,0,2761
3428,22,37,53,33,38,31,24,41,40,58,51,51,57,61,42,13,11,11,0,0,0,680
3429,2456,2407,2332,2515,2449,2352,2296,2316,2583,2666,2592,2407,2063,1711,1143,810,584,436,142,33,3,36296
3430,14,22,26,28,25,13,3,14,20,37,25,21,19,21,20,14,3,0,0,0,0,322
3431,208,287,312,271,214,163,181,215,296,353,336,300,265,236,139,83,33,30,13,0,0,3945
3432,4,14,19,9,3,9,3,9,11,23,19,21,17,19,4,6,4,0,0,0,0,196
3433,8,12,19,19,13,8,15,14,23,20,15,11,10,19,10,3,0,3,0,0,0,216
3434,340,326,374,355,261,222,257,288,379,419,396,367,315,315,186,127,70,42,9,3,0,5070
3435,171,195,205,163,107,128,135,148,230,216,212,251,237,186,135,75,38,30,11,0,3,2878
3437,759,809,754,692,510,425,576,691,803,796,744,725,556,592,435,241,159,94,63,12,4,10445
3438,173,204,198,166,123,74,129,157,199,201,176,117,95,120,110,59,30,32,9,4,0,2386
3440,122,174,150,138,72,64,78,105,179,175,122,161,171,143,97,52,28,13,7,5,0,2040
3441,72,97,104,59,40,38,60,69,91,106,119,102,118,122,66,42,22,7,3,0,0,1337
3442,438,554,559,454,310,218,290,458,595,615,599,552,533,479,367,197,122,57,38,18,4,7463
3444,540,533,524,495,374,361,424,514,663,678,687,639,661,669,544,348,250,188,83,21,4,9197
3446,46,63,51,87,54,44,39,57,80,80,81,95,87,78,44,28,21,9,0,0,0,1028
3447,17,26,27,27,19,17,10,24,34,54,30,57,52,32,14,10,8,0,0,0,0,448
3448,40,44,38,44,30,22,17,44,69,73,67,82,108,92,58,25,6,13,3,0,0,878
3450,335,370,361,302,238,215,309,344,399,480,467,499,576,523,431,384,274,208,108,29,4,6838
3451,260,293,313,314,274,354,303,369,400,444,457,432,443,414,267,183,90,37,10,4,0,5654
3453,86,112,111,109,63,54,68,97,102,139,145,176,131,128,91,60,28,16,9,0,0,1725
3458,77,96,96,81,70,46,59,92,138,135,155,168,188,198,150,82,56,35,17,4,4,1947
3460,92,120,114,109,76,96,96,127,125,198,196,259,235,229,161,119,86,81,39,16,0,2566
3461,198,253,245,160,124,136,126,203,324,353,335,402,419,376,220,135,70,40,15,7,0,4150
3462,52,63,77,67,40,28,43,55,68,84,92,112,109,114,72,48,42,7,9,0,0,1173
3463,75,106,110,99,69,66,68,84,135,165,212,245,281,259,192,121,69,58,30,8,0,2454
3464,72,76,82,80,62,44,44,54,56,77,78,82,108,73,46,36,18,12,11,0,0,1118
3465,460,528,555,522,476,419,379,419,536,582,654,665,731,842,701,541,388,241,98,30,8,9770
3467,54,69,79,47,45,51,47,66,64,60,57,81,125,127,88,67,44,19,13,0,0,1196
3468,8,8,17,16,10,0,14,3,15,20,29,27,31,27,32,7,7,5,3,0,0,284
3469,8,14,15,18,9,0,3,11,18,19,24,25,34,26,23,13,10,7,0,0,0,278
3472,49,78,61,61,42,41,48,36,70,117,122,147,140,141,153,99,49,22,13,0,0,1482
3475,23,17,13,7,10,16,9,17,12,19,23,36,39,43,37,12,7,10,3,0,0,348
3477,31,36,41,47,24,29,30,22,42,60,90,83,102,83,70,24,10,3,4,0,0,824
3478,96,103,128,124,100,114,84,82,137,156,164,185,209,229,182,153,84,71,27,14,0,2457
3480,73,113,128,116,64,64,60,77,95,96,135,147,146,153,101,103,74,73,41,8,0,1862
3482,3,14,14,7,4,8,8,7,7,9,19,13,11,20,15,13,3,4,0,0,0,169
3483,48,54,62,58,27,44,50,31,53,52,66,53,55,75,57,37,35,25,7,4,0,888
3485,11,17,15,20,8,5,8,14,20,16,23,31,32,34,16,15,13,3,4,0,0,302
3487,9,9,4,5,4,3,5,4,4,3,3,9,8,5,3,0,0,0,0,0,0,96
3488,4,8,11,6,3,8,3,3,3,13,12,14,7,9,4,6,0,0,0,0,0,110
3489,3,0,5,0,0,6,3,0,4,3,4,7,4,13,5,0,0,0,0,0,0,53
3490,47,66,66,64,52,54,45,55,62,77,87,111,127,109,83,51,59,50,23,4,0,1290
3491,7,13,13,9,10,7,6,0,7,7,10,13,3,5,17,4,3,8,0,0,0,133
3494,34,30,32,40,53,48,45,45,37,57,58,68,52,37,20,6,4,0,3,0,0,661
3496,387,414,406,425,293,332,349,329,359,433,439,505,437,381,248,195,133,100,48,15,0,6224
3498,291,373,396,414,267,241,273,276,349,438,385,398,321,302,236,167,116,56,31,3,3,5324
3500,2135,2062,1951,2065,2109,2414,2061,1815,1965,2003,1956,2062,1887,1899,1418,1142,892,578,255,64,7,32738
3501,125,166,157,149,89,58,95,108,148,159,153,162,134,106,49,56,16,12,5,3,0,1939
3505,297,328,301,331,254,230,224,249,290,371,357,359,330,301,202,170,103,74,45,14,0,4829
3506,0,0,0,5,3,0,0,0,0,0,5,3,0,0,3,0,0,3,0,0,0,37
3507,7,12,10,6,9,8,0,8,5,7,10,11,16,16,13,10,0,8,0,0,0,157
3509,16,13,6,11,0,8,14,15,22,9,16,25,18,11,12,16,5,7,3,0,0,231
3512,19,34,18,12,11,11,23,23,14,14,33,42,36,28,13,18,10,8,0,0,0,371
3515,185,175,126,100,99,167,162,134,99,110,131,122,113,93,64,36,17,3,0,0,0,1940
3516,32,34,55,47,20,19,33,36,50,45,50,57,60,47,39,34,15,15,5,0,0,694
3517,62,89,77,68,50,42,57,65,77,98,102,114,118,124,79,74,64,36,22,0,0,1416
3518,47,54,72,93,56,35,26,46,49,91,118,158,96,126,95,76,50,21,9,0,0,1307
3520,4,3,12,5,4,8,3,7,3,11,18,25,14,15,20,9,6,0,3,0,0,179
3521,51,46,45,50,26,15,31,41,52,60,60,49,45,31,20,15,10,9,0,0,0,660
3522,21,16,17,19,12,10,18,22,23,18,29,36,35,26,25,6,3,6,0,0,0,334
3523,130,184,147,143,116,110,112,141,203,209,298,344,359,345,316,239,134,74,22,3,3,3619
3525,55,60,68,58,37,42,42,47,59,101,96,113,139,109,72,84,47,49,19,3,0,1302
3527,15,41,47,34,20,44,20,23,41,57,55,78,66,60,48,55,32,31,21,0,0,785
3529,10,10,11,11,3,9,4,0,6,13,6,13,10,6,3,4,0,0,0,0,0,120
3530,4,4,10,4,4,8,0,4,4,12,10,16,14,11,4,3,4,3,0,0,0,125
3531,12,21,8,10,7,9,9,9,9,13,22,18,6,7,3,9,10,3,0,0,0,191
3533,28,45,58,33,24,37,27,40,33,55,52,62,75,55,40,36,29,23,11,4,0,779
3537,48,59,69,50,22,35,43,47,59,56,56,87,77,91,80,56,38,42,22,5,0,1042
3540,3,5,21,17,5,10,6,7,15,26,29,29,22,40,29,10,16,4,0,0,0,286
3542,5,5,11,15,4,3,0,6,9,4,9,15,20,5,6,10,3,3,0,0,0,155
3544,11,17,15,15,11,9,12,11,12,10,26,23,22,17,9,7,7,3,0,0,0,249
3546,20,20,24,21,13,12,23,13,11,25,40,42,24,26,26,18,16,6,13,0,0,403
3549,246,269,219,186,214,281,264,205,186,209,219,267,241,187,112,99,48,37,23,9,0,3527
3550,2172,2289,2256,2634,3571,2846,2333,2137,2327,2471,2490,2625,2355,2275,1622,1390,1105,921,430,82,18,40341
3551,2304,2459,2270,2152,1446,1499,1906,1970,2092,2107,2079,1936,1774,1509,960,591,300,153,45,14,9,29564
3555,1250,1180,1012,1037,1335,1415,1365,1124,1119,1084,1148,1222,1157,1159,990,823,598,425,203,45,0,19688
3556,900,875,813,825,922,840,823,761,748,754,836,867,847,792,533,408,302,166,63,19,0,13087
3557,47,50,66,58,34,30,38,58,57,63,57,64,44,48,35,13,3,9,0,0,0,785
3558,54,51,39,44,42,33,21,35,48,64,72,73,67,70,63,65,39,16,9,0,0,916
3559,37,29,35,33,21,26,16,23,30,32,39,35,39,33,41,36,20,3,4,0,0,545
3561,266,237,273,280,221,159,204,185,236,273,353,324,329,306,240,231,147,105,42,10,0,4434
3562,19,19,18,18,8,7,16,14,17,19,24,33,25,20,9,3,3,0,0,0,0,278
3563,27,70,54,55,54,31,31,39,34,55,73,67,48,41,45,33,19,16,5,0,0,808
3564,901,974,1018,1033,775,834,810,788,1003,1069,1075,1158,1066,991,851,648,481,292,131,35,3,15944
3565,6,12,12,7,0,4,4,4,12,6,12,7,12,3,9,3,5,0,0,0,0,107
3566,30,55,26,32,21,19,21,27,32,40,50,44,48,39,29,24,5,5,3,0,0,556
3567,33,42,42,40,18,24,7,29,41,53,54,48,51,37,39,54,15,10,0,0,0,654
3568,137,148,156,157,132,108,127,133,168,189,193,197,223,262,206,173,107,73,44,14,0,2948
3570,36,59,51,58,19,23,37,31,43,64,65,69,66,60,24,18,9,10,0,3,0,752
3571,20,15,22,33,12,11,15,9,22,26,20,22,19,16,23,11,13,3,0,0,0,319
3572,15,13,18,10,3,5,4,15,11,7,8,14,8,9,9,0,0,0,0,0,0,151
3573,20,32,20,14,8,17,21,13,19,19,30,39,27,26,14,0,8,6,0,0,0,331
3575,43,54,49,45,26,19,33,48,47,54,62,62,82,44,31,33,27,18,10,4,0,807
3576,8,3,4,0,0,4,3,9,8,0,0,8,13,9,3,0,0,0,0,0,0,72
3579,266,333,304,305,246,220,265,243,264,329,365,379,419,402,308,279,224,143,50,12,0,5362
3580,58,46,35,65,34,36,47,42,39,53,71,86,81,93,97,60,18,17,6,0,0,990
3581,0,16,8,20,11,5,7,3,9,15,15,13,18,8,13,4,5,0,0,0,0,163
3583,13,19,19,20,9,12,7,14,17,14,16,16,8,6,11,4,0,3,0,0,0,208
3584,61,104,78,67,30,61,56,59,68,62,89,102,76,72,61,55,13,9,12,4,0,1139
3585,783,685,640,712,700,755,683,651,633,677,695,683,628,607,489,454,349,255,99,24,3,11205
3586,33,66,61,66,41,28,47,43,51,52,91,84,63,40,16,9,6,4,0,0,0,825
3588,26,18,22,21,20,17,15,21,8,25,28,21,32,32,12,12,7,0,0,0,0,359
3589,24,23,21,20,32,10,17,13,21,30,19,31,20,17,15,9,10,4,4,0,0,347
3590,24,26,25,19,13,11,23,25,15,19,30,36,17,20,13,8,4,3,0,0,0,335
3591,9,9,7,11,9,0,8,5,16,19,10,15,19,10,3,0,0,3,0,0,0,164
3594,19,32,32,30,38,24,24,25,28,43,33,49,43,40,33,19,19,0,0,0,0,529
3595,35,33,36,34,38,35,30,31,20,38,50,52,51,50,42,26,27,13,13,5,0,665
3596,7,5,8,4,0,0,6,6,7,11,8,8,6,0,4,0,6,0,0,0,0,96
3597,14,27,8,32,20,15,16,22,24,40,37,32,36,30,15,16,10,3,3,0,0,413
3599,3,10,16,9,4,5,4,10,13,11,14,7,10,13,5,3,9,0,0,0,0,133
3607,8,9,13,10,6,9,9,3,6,14,15,14,6,5,0,6,5,4,0,0,0,136
3608,102,119,114,114,93,106,105,113,126,139,178,209,229,210,162,119,83,61,30,4,0,2417
3610,69,86,98,92,61,97,90,108,130,131,125,106,143,108,76,84,29,31,19,7,0,1714
3612,62,70,72,91,57,52,59,48,77,117,155,162,163,168,120,106,64,33,15,9,0,1708
3614,54,77,68,60,32,40,47,54,74,69,74,62,61,50,34,15,3,0,0,0,4,882
3616,364,336,318,316,263,296,291,263,345,354,375,360,386,308,270,231,138,94,49,9,0,5353
3617,9,4,8,12,7,5,8,4,11,20,15,15,16,11,7,3,6,0,0,0,0,163
3618,25,38,49,37,31,41,24,37,68,43,64,53,52,48,33,14,12,5,0,0,0,675
3620,465,488,500,521,400,426,399,397,467,523,548,539,577,556,495,337,291,188,97,20,5,8241
3621,153,177,170,156,107,123,119,113,148,154,154,166,140,151,111,91,53,44,32,13,4,2368
3622,22,27,28,29,13,18,27,30,31,33,44,48,35,42,14,10,8,0,0,0,0,456
3623,48,48,42,32,46,37,25,53,41,47,83,71,89,62,71,35,31,19,6,3,0,903
3624,37,28,38,40,28,29,21,25,38,32,37,42,52,37,32,14,10,8,0,0,0,558
3629,534,583,536,602,515,517,540,526,561,562,589,652,598,622,429,338,212,122,62,16,0,9130
3630,2201,2167,1958,2077,1965,2276,2068,1813,1905,1954,1968,1789,1680,1564,1254,1027,797,505,253,51,7,31266
3631,760,856,846,880,569,565,713,695,784,881,848,825,665,582,445,272,205,155,60,12,3,11610
3633,33,48,61,40,35,14,26,26,42,55,59,39,41,48,26,13,8,0,0,0,0,604
3634,118,117,119,140,69,72,92,112,124,138,146,158,130,126,57,44,21,16,3,0,0,1798
3635,24,33,33,36,31,38,25,19,31,35,56,48,36,38,21,13,8,0,0,0,0,536
3636,264,334,316,321,278,264,243,248,270,331,346,391,335,389,296,231,207,118,49,7,0,5241
3637,40,37,52,48,34,36,21,30,37,46,40,45,43,35,19,11,7,7,0,0,0,593
3638,105,121,146,144,96,111,88,88,112,124,136,152,140,143,93,106,79,45,31,7,0,2075
3639,23,13,27,11,24,10,25,18,19,38,54,71,65,45,29,17,14,8,0,0,0,524
3640,62,90,81,73,56,41,70,65,74,66,67,62,70,62,36,9,11,3,0,0,0,1000
3641,85,87,87,83,58,43,69,73,68,94,87,102,103,75,51,36,22,6,0,0,0,1233
3646,36,44,41,44,21,21,28,28,39,41,39,46,49,45,25,19,9,4,0,0,0,586
3647,0,3,4,19,5,4,0,4,4,0,0,0,0,0,0,0,0,0,0,0,0,40
3649,19,26,33,32,23,12,15,20,23,38,37,38,31,25,14,18,9,6,7,0,0,431
3658,376,411,406,402,374,354,365,331,363,488,490,472,435,355,272,136,105,61,18,9,0,6221
3659,41,35,51,50,30,29,37,24,52,51,64,76,50,57,35,25,13,9,0,0,0,734
3660,376,379,412,468,496,391,358,370,441,464,577,573,637,527,387,291,211,160,49,12,3,7577
3662,149,94,41,106,145,167,140,78,67,35,35,14,3,0,0,0,0,0,0,0,0,1075
3663,17,12,18,10,8,11,5,12,10,4,9,24,11,10,11,7,0,3,0,0,0,180
3664,59,74,54,55,49,48,48,73,67,67,72,96,88,81,61,41,26,12,3,0,0,1072
3665,18,15,20,22,15,6,12,21,22,23,27,41,34,33,34,19,7,0,0,0,0,357
3666,196,256,260,214,159,163,187,216,222,258,344,369,441,447,340,243,209,127,60,11,0,4700
3669,61,58,46,65,34,60,47,34,52,84,97,129,142,138,114,71,40,36,23,3,3,1337
3670,25,24,25,24,41,19,33,20,22,43,45,77,66,48,20,21,8,6,0,0,0,571
3672,499,536,556,584,527,475,462,443,527,596,722,753,759,828,644,532,395,315,127,39,4,10330
3673,82,101,103,94,49,51,78,75,98,112,154,184,169,157,115,47,32,19,3,0,0,1729
3675,85,111,127,113,60,58,80,93,127,127,143,178,171,158,75,63,23,15,6,3,0,1803
3677,1031,1128,1088,1044,935,949,996,998,1070,1117,1143,1176,1143,1058,967,772,632,511,259,66,9,18101
3678,283,426,464,371,224,180,237,309,455,489,558,547,516,513,352,229,120,52,27,0,4,6357
3682,29,59,42,38,29,16,24,26,43,55,38,52,58,46,23,13,4,4,5,0,0,616
3683,74,107,113,111,65,70,67,77,119,148,160,154,159,130,84,75,31,13,9,5,0,1760
3685,127,177,167,138,105,110,117,159,170,186,206,200,249,197,172,95,73,56,18,7,0,2718
3687,58,56,72,88,54,42,51,61,73,77,73,65,74,100,69,38,22,15,0,5,0,1098
3688,87,83,83,71,64,67,56,65,87,92,102,119,77,64,49,30,17,14,4,0,0,1237
3690,2360,2298,2129,2219,2187,2369,2223,2021,2047,2167,2171,2137,1958,1767,1282,937,627,415,161,29,6,33522
3694,0,0,0,20,46,5,3,0,0,3,0,0,0,0,0,0,0,0,0,0,0,92
3695,21,27,40,36,25,14,8,26,37,40,24,54,41,40,19,12,8,4,0,0,0,472
3697,15,38,34,36,12,12,18,31,34,28,63,65,61,41,36,12,11,15,0,0,0,575
3698,20,58,54,36,16,24,26,48,62,57,59,77,80,97,71,41,23,10,6,0,0,862
3699,68,70,64,55,60,70,65,75,73,70,64,68,79,87,59,32,39,17,13,3,0,1124
3700,72,79,73,72,48,62,57,55,73,86,106,107,95,85,87,47,43,33,15,9,0,1317
3701,65,58,64,49,27,33,45,56,41,69,88,91,100,115,74,38,25,17,3,0,0,1075
3704,0,0,0,0,5,0,0,0,0,5,5,4,0,0,4,0,6,0,0,0,0,20
3705,6,14,28,21,3,5,8,3,21,24,23,19,17,24,12,7,12,3,0,0,0,261
3708,0,5,0,0,0,0,0,0,4,0,5,9,10,5,8,4,4,3,0,0,0,58
3709,11,10,16,16,7,6,8,9,14,15,19,41,48,35,26,10,9,0,4,0,0,295
3711,29,25,24,9,13,26,21,30,23,36,33,58,53,55,27,17,18,0,0,0,0,493
3712,17,16,12,15,11,15,15,16,12,23,29,34,32,46,31,11,17,7,5,0,0,353
3713,34,30,34,46,30,41,37,47,39,67,78,101,82,121,84,58,50,28,23,6,0,1026
3714,152,172,190,144,142,124,167,182,204,199,239,272,282,345,265,176,109,93,36,18,0,3512
3715,4,15,21,18,4,5,3,11,10,20,25,33,47,35,27,15,4,0,0,0,0,308
3717,104,171,153,131,82,73,84,112,165,173,171,248,242,244,231,140,68,40,19,0,0,2654
3718,0,0,3,3,0,0,0,3,3,6,4,9,3,7,4,3,0,9,0,0,0,72
3719,11,11,22,10,12,10,11,16,17,29,14,46,41,41,30,27,3,0,0,0,0,371
3720,27,20,36,30,22,14,16,24,33,41,45,53,64,57,48,20,11,3,0,0,0,569
3722,303,374,294,233,195,189,261,281,320,327,323,396,365,370,283,199,138,101,39,21,3,5020
3723,104,154,222,240,111,105,138,138,166,189,228,242,261,308,198,106,61,15,8,0,0,3003
3725,35,40,37,34,22,23,35,27,28,50,47,59,69,62,27,18,16,7,0,0,0,631
3726,19,22,30,26,10,12,14,14,26,25,31,39,43,41,27,15,3,6,0,0,0,404
3727,6,16,20,23,14,18,15,9,7,21,22,26,31,28,27,10,6,0,0,0,0,305
3728,29,45,23,33,36,30,31,30,30,29,62,58,54,59,39,26,9,9,3,0,0,635
3730,486,531,499,442,365,344,396,363,491,519,531,570,713,708,636,513,348,238,115,21,4,8831
3732,32,35,43,46,16,13,20,28,48,38,46,47,53,48,27,23,11,9,3,0,0,595
3733,13,19,13,6,4,5,6,17,17,19,12,21,22,7,14,13,3,0,4,0,0,219
3735,42,34,26,35,21,27,22,29,34,50,59,71,44,44,30,14,25,16,0,0,0,609
3737,184,233,222,261,161,170,161,183,230,307,351,389,354,293,228,216,179,101,59,18,0,4302
3738,11,10,23,13,7,9,11,4,19,18,19,24,26,15,14,0,4,0,0,0,0,222
3739,11,16,21,14,7,4,7,11,14,19,13,25,21,13,13,9,4,0,0,0,0,215
3740,40,77,70,52,45,50,54,51,69,75,87,81,105,89,62,49,20,9,7,0,0,1075
3741,150,165,147,160,127,143,139,148,219,186,224,236,244,267,218,133,87,74,28,3,0,3098
3744,22,40,28,14,12,21,28,20,36,39,34,45,41,30,18,16,10,4,0,0,0,453
3746,19,15,20,23,24,10,14,25,19,25,38,29,31,30,39,9,14,8,0,0,0,385
3747,204,281,267,215,132,151,211,233,334,329,361,399,414,403,257,197,121,82,28,6,4,4628
3749,82,122,132,115,56,61,62,104,119,143,167,154,136,158,90,71,42,33,26,3,6,1889
3750,1280,732,456,368,544,994,1480,1004,550,390,319,295,238,183,102,63,29,14,7,0,0,9060
3751,8,10,17,13,8,22,13,3,19,17,21,24,21,22,16,19,11,3,0,0,0,272
3752,1879,1990,1879,1653,1484,1528,1948,2155,2040,1897,1449,1080,877,732,504,383,267,187,106,22,4,24057
3753,241,216,162,110,120,204,231,194,174,159,133,101,97,84,60,18,14,3,0,0,0,2328
3754,4528,3448,2656,1996,1989,3175,4165,3685,3026,2369,1748,1412,1202,1090,674,323,167,72,22,12,0,37758
3755,11,15,9,17,10,21,13,11,11,16,12,18,16,16,23,10,9,3,0,0,0,251
3756,975,947,856,812,722,833,991,814,857,902,815,734,606,468,269,162,95,49,13,3,0,11926
3757,508,674,674,622,486,443,470,517,714,709,618,558,553,470,350,230,186,95,60,13,0,8955
3758,135,191,142,166,115,116,115,146,174,164,170,165,128,138,61,27,19,5,4,0,0,2182
3759,32,71,81,99,61,48,28,49,69,101,108,102,81,55,35,27,9,12,0,0,0,1062
3760,11,26,20,33,22,11,9,14,15,39,45,41,34,27,9,0,4,0,0,0,0,372
3761,66,87,82,97,83,52,62,53,91,103,98,92,98,64,51,32,11,10,5,0,0,1230
3762,7,0,0,10,11,6,3,5,7,10,11,19,11,8,3,4,10,4,0,0,0,131
3763,97,96,97,111,68,72,95,110,125,148,129,129,105,76,51,25,7,4,4,0,0,1536
3764,548,654,664,754,523,440,507,493,632,663,625,553,485,534,410,316,200,107,50,15,4,9161
3765,413,443,416,412,408,362,411,406,465,479,431,439,409,403,268,202,150,136,84,23,5,6764
3766,70,86,83,67,50,50,70,81,124,99,78,96,99,73,48,22,14,8,3,0,0,1240
3767,73,78,63,80,48,45,71,73,67,88,101,96,98,110,65,37,26,19,10,0,0,1253
3770,175,211,230,204,179,206,204,185,210,229,259,244,220,176,122,78,53,33,7,0,0,3222
3775,210,277,267,241,226,219,217,202,260,287,302,264,250,253,172,124,63,24,10,0,0,3865
3777,617,672,684,623,515,487,541,613,741,743,829,860,722,671,560,383,256,168,55,16,0,10753
3778,5,13,8,16,11,5,6,12,13,12,18,23,24,14,7,3,5,0,0,0,0,199
3779,10,13,19,15,9,22,15,8,10,22,25,45,44,56,45,14,11,0,0,0,0,394
3781,350,336,330,332,252,222,315,309,395,356,343,312,248,158,88,70,26,22,3,8,0,4471
3782,418,520,538,548,407,335,343,453,600,656,626,616,553,480,333,174,100,80,34,10,0,7824
3783,164,167,172,185,119,117,96,154,186,199,185,185,144,105,85,49,25,23,4,0,0,2350
3785,6,5,5,0,0,10,3,13,5,6,7,11,3,4,3,3,0,0,0,0,0,77
3786,85,84,105,103,74,56,66,93,106,124,120,160,101,107,66,35,14,10,5,0,0,1520
3787,48,64,81,63,54,40,41,57,99,82,89,87,90,76,34,20,11,9,0,0,0,1059
3788,98,131,90,77,79,69,90,100,150,156,126,147,159,142,65,41,11,12,4,3,0,1742
3789,13,12,16,16,17,5,5,10,18,26,21,22,30,22,15,12,5,4,0,0,0,265
3791,78,95,95,73,71,56,72,88,107,116,107,122,133,101,67,36,17,3,3,0,0,1440
3792,53,75,85,54,45,53,31,55,97,79,79,92,87,80,59,20,16,4,0,0,0,1064
3793,206,248,272,245,178,166,177,206,291,279,249,219,258,250,143,69,67,47,14,6,0,3575
3795,81,71,79,97,63,61,61,69,102,87,106,73,68,68,73,27,24,23,7,0,0,1249
3796,643,658,650,751,611,617,648,628,676,697,741,639,533,487,312,220,94,63,20,7,0,9698
3797,191,229,193,242,159,162,197,166,213,273,242,227,256,244,200,105,73,63,27,6,0,3474
3799,329,355,371,345,308,273,246,291,408,463,488,498,425,367,270,158,112,68,17,9,3,5800
3800,3,0,0,855,1172,123,28,5,6,3,0,5,0,3,0,0,0,0,0,0,0,2211
3802,1501,1521,1425,1536,1773,1717,1679,1566,1559,1479,1688,1913,1711,1299,765,503,348,200,90,20,0,24292
3803,756,726,636,719,791,810,836,739,656,662,730,682,601,490,328,251,211,132,60,24,0,10856
3804,347,504,597,753,688,373,298,358,544,701,683,658,504,380,250,170,129,98,50,15,0,8096
3805,3950,4480,4407,4686,4275,3584,3851,4055,4431,4531,4029,3241,2401,1887,1283,855,529,307,114,37,7,56937
3806,3424,3776,3709,3739,3011,2323,3056,3517,3929,3921,3261,2644,2156,1806,1437,1168,821,538,229,48,3,48521
3807,377,527,585,639,494,281,328,400,592,689,603,466,354,295,198,148,75,39,7,3,0,7096
3808,156,213,280,218,170,112,113,172,239,218,238,249,205,165,116,71,49,25,11,4,0,3031
3809,727,513,470,458,544,760,796,602,553,452,373,295,251,224,97,69,25,6,7,3,0,7212
3810,4771,3998,3212,2835,3152,3887,4479,3667,3198,2945,2434,2100,1827,1731,1431,952,644,414,172,36,4,47892
3812,109,148,155,187,167,96,115,96,157,196,196,216,141,147,68,43,39,28,6,4,0,2310
3813,38,45,80,63,60,46,20,36,47,91,104,90,50,45,31,18,14,6,5,0,0,886
3814,151,167,165,161,110,110,123,134,148,155,174,172,132,139,109,60,29,16,9,3,0,2257
3815,146,230,254,227,140,136,133,170,203,255,226,207,170,180,152,80,56,45,19,3,0,3020
3816,196,219,168,150,169,192,185,176,143,174,192,199,166,134,125,67,29,25,0,3,0,2717
3818,961,1031,828,829,736,831,864,738,810,875,897,934,860,926,720,589,370,228,107,28,11,14170
3820,924,1038,955,1070,897,919,887,844,904,1094,1041,1048,961,1012,882,616,442,279,116,30,4,15952
3821,145,218,210,184,131,106,130,149,180,224,261,226,245,215,127,75,54,21,13,0,0,2918
3822,55,82,84,81,50,42,38,53,71,92,59,68,67,44,42,35,11,6,0,0,0,983
3823,111,97,106,86,99,93,121,82,101,106,124,180,161,140,96,64,42,12,5,4,0,1839
3824,297,381,318,288,242,251,266,319,311,343,306,348,351,335,229,162,130,101,34,12,0,5003
3825,1082,1142,1163,1248,1295,1104,1104,1026,1170,1281,1432,1466,1531,1362,982,759,547,376,173,32,12,20282
3831,90,93,108,114,73,56,57,84,100,104,126,159,140,132,96,77,49,24,18,6,0,1701
3832,9,6,22,18,6,4,6,8,8,14,15,30,26,31,27,9,0,4,0,0,0,249
3833,13,18,6,15,16,6,14,11,22,22,25,34,27,31,29,21,5,3,0,0,0,304
3835,29,36,31,35,21,30,19,25,29,26,38,32,38,36,27,10,4,8,0,0,0,472
3840,961,967,890,932,1048,1007,912,820,909,1112,1159,1280,1092,1023,805,663,430,324,111,26,3,16478
3842,308,296,230,324,447,350,318,269,256,241,274,327,348,300,224,135,67,30,13,6,0,4784
3844,1836,1933,1890,1719,1814,1934,1980,1836,1750,1870,1950,1916,1724,1567,1109,886,638,405,191,37,3,28981
3847,124,148,136,108,97,133,145,141,127,143,148,183,180,148,110,67,38,20,0,3,0,2191
3850,974,971,884,913,823,898,956,848,905,950,980,997,883,838,621,526,372,292,127,34,3,14782
3851,221,281,320,262,232,313,369,381,416,412,422,469,486,496,284,194,84,37,12,3,0,5689
3852,0,6,3,0,32,21,8,4,0,3,6,0,7,0,0,0,0,0,0,0,0,92
3854,80,123,107,78,86,52,81,81,99,101,139,100,108,61,48,30,15,11,0,0,0,1400
3856,75,80,71,65,42,82,78,62,45,49,74,86,73,54,32,13,11,5,0,0,0,992
3857,24,25,22,29,20,21,21,14,20,24,33,27,46,19,14,6,3,5,0,0,0,368
3858,168,204,198,170,170,114,168,176,180,168,222,196,237,225,158,110,69,45,33,7,0,3026
3859,42,59,60,63,47,41,49,36,49,58,61,66,45,47,50,30,13,5,0,0,0,834
3860,447,463,431,431,384,381,406,376,403,410,474,568,539,503,345,245,193,106,44,18,0,7171
3862,202,190,205,214,119,154,188,183,169,191,208,260,258,244,145,116,60,26,5,0,5,3157
3864,6,13,16,12,5,10,10,14,15,11,16,21,22,14,7,5,4,0,0,0,0,218
3865,26,29,19,18,17,28,25,25,22,22,31,36,46,40,21,17,8,4,5,0,0,445
3869,86,120,96,119,91,64,74,72,128,105,145,132,130,96,71,42,25,10,6,0,0,1624
3870,55,86,61,79,46,51,49,55,67,92,103,143,108,121,70,43,19,13,11,0,0,1265
3871,149,195,174,170,130,106,150,121,183,198,221,242,242,227,155,103,75,42,19,4,0,2904
3873,19,23,15,20,12,8,19,20,17,20,36,25,29,22,14,14,4,0,0,0,0,323
3874,14,17,36,34,16,11,22,16,39,33,39,63,86,55,27,26,17,9,0,0,0,558
3875,1094,1110,1108,1035,978,968,977,903,1015,1169,1194,1284,1264,1389,1098,831,612,382,175,40,8,18625
3878,50,41,50,41,37,45,32,33,43,65,86,107,123,126,104,57,29,17,10,0,0,1098
3880,138,151,153,160,108,116,112,132,174,191,219,292,380,514,446,330,205,129,61,14,7,4037
3882,58,56,56,52,33,45,49,46,55,69,81,109,84,104,77,58,40,17,3,0,0,1094
3885,99,105,116,113,71,68,69,108,112,130,172,178,174,138,95,71,43,15,3,0,0,1868
3886,16,39,27,29,11,9,8,26,22,27,25,26,48,39,17,12,11,0,0,0,0,395
3887,10,15,20,24,13,18,24,14,20,21,28,34,32,39,24,11,4,0,4,3,0,342
3888,153,222,199,169,108,107,138,131,148,201,275,308,285,317,280,168,107,75,33,7,0,3421
3889,0,10,10,4,3,6,0,3,10,9,22,20,26,21,15,10,6,0,0,0,0,179
3890,13,21,16,15,18,5,12,9,17,24,36,38,35,30,24,13,0,0,0,0,0,324
3891,0,0,0,0,7,0,0,4,0,9,3,11,11,15,6,9,11,0,3,0,0,104
3892,33,36,57,45,19,39,26,36,47,58,80,105,105,148,104,67,44,30,9,0,0,1060
3893,0,0,0,4,0,0,0,0,0,0,0,0,0,4,0,0,0,0,0,0,0,22
3895,11,10,6,10,9,6,6,4,10,20,21,16,18,12,21,6,3,0,0,0,0,194
3896,17,34,21,30,21,8,18,15,20,34,40,21,38,24,26,14,11,5,0,0,0,405
3898,40,44,67,41,33,47,34,43,54,73,49,62,59,62,30,27,16,6,8,5,0,790
3900,8,7,9,6,4,3,6,9,6,3,9,13,23,21,21,4,8,0,0,0,0,151
3902,13,17,32,20,8,19,10,11,24,23,20,25,45,49,38,22,12,3,0,0,0,412
3903,43,53,23,28,20,25,33,33,37,39,37,64,78,107,54,24,22,13,0,0,0,746
3904,66,62,56,37,28,32,58,61,71,72,99,123,162,197,156,94,42,25,6,0,0,1452
3909,340,407,422,402,294,264,321,334,401,466,546,553,724,779,657,437,274,173,78,17,5,7901
3910,1492,1500,1419,1567,1572,1482,1560,1426,1573,1756,1736,1511,1196,1068,743,482,301,155,51,8,0,22587
3911,200,188,208,224,246,243,181,208,238,278,261,260,219,180,121,93,42,22,5,0,0,3413
3912,840,999,994,1087,998,867,886,782,982,1153,1185,1139,959,782,571,354,279,205,89,8,0,15154
3913,166,197,225,248,223,216,173,176,231,234,254,271,219,193,132,107,33,23,6,7,0,3337
3915,665,641,583,531,626,632,584,549,587,613,620,589,634,653,542,420,294,132,56,11,0,9960
3916,36,43,44,45,33,15,26,27,48,66,69,98,104,83,72,49,32,30,19,0,3,952
3918,214,252,261,250,182,199,191,214,276,296,285,301,222,223,161,92,54,36,12,4,0,3704
3919,195,235,211,182,181,208,220,198,218,220,228,237,236,157,112,77,34,15,3,3,0,3182
3920,33,29,8,247,386,162,57,43,29,14,11,16,0,0,0,0,0,0,0,0,0,1037
3921,0,5,16,0,0,0,3,6,8,11,4,13,23,12,10,5,4,0,0,0,0,114
3922,360,472,403,345,223,290,357,376,424,448,506,591,653,743,575,358,272,223,88,19,4,7740
3923,17,23,26,21,9,6,14,15,21,26,42,56,69,70,58,25,16,6,5,0,0,516
3925,201,204,203,151,132,135,189,177,221,208,233,272,247,288,190,136,93,62,17,11,0,3377
3926,163,192,210,186,131,104,143,139,226,200,252,253,256,272,184,141,118,51,22,4,0,3240
3927,60,112,106,86,67,40,42,81,86,113,125,166,166,152,119,71,36,31,12,3,0,1671
3928,16,16,27,23,9,5,7,18,21,25,43,34,47,42,27,20,13,3,0,0,0,413
3929,24,41,43,37,28,11,14,24,52,42,66,86,91,104,94,65,33,17,10,0,0,906
3930,937,1456,1380,1322,791,434,502,926,1304,1542,1337,1202,1117,1115,943,672,462,278,124,41,0,17889
3931,1184,1364,1283,1261,1007,1053,1108,1295,1594,1586,1454,1428,1530,1840,1701,1359,959,612,285,89,11,23991
3933,41,57,82,82,72,39,39,49,90,90,92,95,93,62,55,33,20,15,5,0,0,1101
3934,1090,1451,1436,1239,738,492,736,1058,1479,1616,1278,1136,1036,1121,952,696,482,333,149,50,0,18547
3936,483,565,544,551,433,456,475,521,662,745,720,762,863,988,873,627,381,242,105,22,0,11024
3937,72,90,98,76,64,33,37,62,85,126,149,141,160,126,88,56,26,24,12,0,0,1519
3938,119,138,127,124,92,100,104,115,181,168,179,246,260,278,254,157,100,64,21,0,0,2820
3939,732,740,745,666,660,669,714,610,808,920,909,1001,1057,1164,1033,842,624,431,159,41,5,14522
3940,198,193,197,178,190,190,202,202,206,241,233,254,296,372,328,382,421,374,210,62,6,4930
3941,696,812,622,557,483,527,603,659,858,820,744,835,870,982,834,570,391,220,71,13,0,12174
3942,75,90,99,95,54,62,55,91,127,156,153,175,210,294,243,175,82,57,25,7,0,2317
3943,26,44,45,37,30,21,35,51,63,69,72,110,171,250,240,169,84,54,19,7,0,1593
3944,5,13,13,11,9,3,5,6,4,16,16,50,62,113,75,49,35,18,0,0,0,510
3945,43,73,50,37,24,32,41,45,60,78,89,101,91,85,64,33,20,4,3,7,0,976
3946,12,10,12,6,12,7,8,4,12,8,19,23,22,25,6,9,6,5,0,0,0,216
3950,255,324,308,306,202,236,248,233,286,310,310,323,343,342,256,168,159,105,67,24,0,4798
3951,51,64,81,67,29,29,30,34,78,78,77,93,100,94,43,27,17,4,4,0,0,1005
3953,503,540,536,468,346,385,396,407,445,482,523,522,517,570,427,332,211,154,59,20,3,7859
3954,21,24,29,40,14,5,13,15,25,40,45,31,26,24,23,15,10,6,0,0,0,404
3956,156,128,135,129,95,110,119,130,153,179,213,226,315,285,201,124,84,30,13,0,0,2818
3957,20,17,23,15,10,14,15,21,14,21,33,21,18,16,14,6,3,0,0,0,0,279
3958,17,16,15,20,9,9,14,5,22,18,23,19,25,19,16,8,3,0,0,0,0,272
3959,73,84,75,49,44,29,41,55,74,62,89,94,87,114,73,64,22,23,4,0,0,1153
3960,103,106,130,121,80,64,78,79,117,154,148,216,233,246,205,144,99,92,42,5,4,2477
3962,49,36,30,45,30,42,33,44,41,60,80,82,95,88,52,44,33,17,11,0,0,913
3964,12,7,0,4,0,7,11,0,9,6,8,22,10,6,9,6,8,0,0,0,0,133
3965,3,0,8,9,4,6,3,5,7,13,20,16,21,27,23,20,11,3,3,0,0,208
3966,19,21,31,28,27,33,19,20,29,31,36,36,50,56,39,14,11,3,0,0,0,510
3967,11,4,4,9,0,9,4,3,7,12,13,9,10,19,14,0,0,6,0,0,0,127
3971,184,186,199,215,155,166,173,146,180,274,274,328,382,400,253,196,135,102,43,7,0,4017
3975,1621,1453,1030,899,903,1022,1523,1619,1353,1031,775,649,490,311,191,135,90,91,47,14,7,15246
3976,2012,1979,1765,1933,2040,1825,2093,1855,1761,1712,1681,1569,1122,801,589,384,238,108,43,10,0,25532
3977,8787,7676,6244,5809,6049,7046,8900,7929,6780,6023,5326,4541,3627,3113,2132,1461,977,590,249,55,4,93322
3978,1166,923,722,539,636,1136,1343,988,777,575,477,362,358,279,181,96,57,23,6,4,3,10648
3979,26,26,28,17,7,8,16,20,25,37,20,30,22,17,11,9,4,0,0,0,0,315
3980,239,229,236,202,149,185,200,244,243,249,254,214,242,206,106,90,34,19,3,0,0,3350
3981,335,343,341,348,287,341,303,288,317,337,341,315,237,247,181,145,96,72,28,10,0,4901
3984,281,282,252,254,221,238,230,256,296,366,373,371,475,504,372,222,132,71,19,3,0,5212
3987,100,130,106,90,67,64,79,110,121,128,113,120,89,90,56,28,15,9,0,0,0,1527
3988,52,69,70,46,42,55,48,54,51,67,69,89,100,75,56,27,10,21,5,0,0,1001
3990,0,3,8,4,8,5,7,5,9,8,4,17,11,7,13,5,0,0,0,0,0,110
3991,9,18,20,34,17,16,13,10,19,27,39,32,41,35,23,10,0,5,0,0,0,357
3992,62,67,53,50,54,58,53,63,60,61,70,75,72,68,44,26,16,4,0,0,0,966
3995,556,562,569,583,417,477,516,431,529,640,689,748,744,768,654,505,389,258,96,31,4,10171
3996,277,334,315,239,118,197,233,282,291,349,302,408,459,550,453,318,204,140,63,30,0,5541
Total,369695,367216,339655,354755,411833,439308,446076,402290,400174,400317,376650,355890,318218,289879,217115,164340,119392,80926,36575,8809,1153,5900280
