Postcode,Negative income,Nil income,"1-149 (1-7,799)","150-299 (7,800-15,599)","300-399 (15,600-20,799)","400-499 (20,800-25,999)","500-649 (26,000-33,799)","650-799 (33,800-41,599)","800-999 (41,600-51,999)","1,000-1,249 (52,000-64,999)","1,250-1,499 (65,000-77,999)","1,500-1,749 (78,000-90,999)","1,750-1,999 (91,000-103,999)","2,000-2,999 (104,000-155,999)","3,000 or more (156,000 or more)",Not stated,Not applicable,Total
3000,379,9718,1259,1878,2162,2051,2168,1913,2100,2231,1618,1321,890,1475,925,4687,1214,37979
3002,23,231,96,154,125,168,198,209,296,383,382,372,272,529,615,607,299,4957
3003,36,586,150,242,252,247,258,273,336,456,331,310,202,351,223,865,395,5516
3004,32,777,170,248,263,315,333,405,608,798,698,650,485,935,787,1234,563,9311
3005,5,33,0,25,14,18,21,23,22,25,25,29,20,42,36,135,49,523
3006,103,2404,386,585,644,690,799,914,1342,1625,1285,1099,856,1584,1145,2454,904,18811
3008,86,1574,217,322,347,313,408,450,622,791,736,640,456,867,636,1232,743,10438
3010,8,444,422,318,107,44,48,19,14,13,6,11,5,26,16,80,13,1595
3011,94,1685,655,1478,1518,1364,1278,1195,1498,1608,1218,960,661,1094,409,2074,2684,21464
3012,110,2109,728,1621,1739,1651,1425,1549,1910,1919,1416,1186,816,1169,481,2013,4453,26295
3013,40,861,422,682,793,833,718,690,941,988,841,879,670,1186,711,883,2829,14967
3015,51,1044,511,746,895,860,750,768,971,1199,1008,985,760,1436,841,987,3652,17472
3016,65,1150,673,703,723,794,676,663,798,958,780,726,601,1139,1135,1022,2940,15558
3018,57,821,441,720,812,840,763,695,818,967,669,605,441,719,323,890,2101,12685
3019,95,1042,391,962,790,654,529,627,547,543,233,197,122,106,49,626,1692,9199
3020,297,4455,1738,3998,4087,3462,2741,2993,3083,2736,1451,976,615,639,215,3553,7736,44784
3021,430,5945,2126,5097,5483,4099,3308,3731,3648,2913,1499,914,446,414,181,4468,9491,54190
3022,61,260,89,253,233,231,197,200,223,201,132,79,56,42,14,275,554,3102
3023,425,6342,2269,3720,3630,2991,3212,3826,4511,4386,2921,2166,1353,1649,532,4730,15307,63974
3024,112,2035,761,1237,1155,1123,1238,1505,1838,1819,1173,848,518,560,145,1325,6456,23852
3025,71,908,405,928,1149,957,610,640,700,697,475,477,285,422,127,1049,2250,12155
3026,0,4,3,5,5,9,3,9,6,5,9,0,0,0,0,17,0,72
3027,39,720,170,208,207,209,233,334,470,527,380,354,217,392,137,287,1749,6650
3028,160,2567,1041,1972,2312,2068,1681,1810,2238,2212,1392,1064,641,818,220,1856,5148,29198
3029,535,9329,3141,4889,4706,4287,4796,5922,7235,7115,4432,3143,1954,2280,642,6003,23537,93946
3030,468,9270,3522,5185,4949,4792,4983,5551,6857,7188,4801,3998,2788,4065,1741,5683,24484,100311
3031,115,1033,585,1213,1143,999,847,837,1053,1249,1154,1023,735,1295,727,1615,2909,18533
3032,143,2320,1015,1635,1648,1497,1454,1690,1918,2259,1717,1475,1040,1724,1158,2085,4674,29449
3033,58,1085,567,950,1181,1027,869,802,916,945,726,576,432,621,274,986,2494,14512
3034,72,934,416,850,1215,881,709,653,672,741,552,445,307,342,191,872,1785,11633
3036,22,467,273,361,370,344,369,327,388,413,296,279,208,264,206,344,1001,5921
3037,278,4942,2097,3005,3023,2526,2677,3233,3677,3723,2385,1856,1216,1396,470,2781,11863,51156
3038,149,2640,1292,1852,2102,1677,1594,1732,1918,2057,1390,1022,648,939,357,1511,4366,27258
3039,47,985,477,717,795,800,721,691,876,1045,832,736,528,961,781,981,2273,14252
3040,61,1899,1003,1188,1256,1424,1289,1373,1701,1896,1518,1350,1004,1637,1324,1729,4283,25939
3041,47,861,541,549,602,667,658,670,820,863,702,596,480,758,535,801,2283,12412
3042,59,1053,539,902,1245,1050,940,935,1027,1187,871,722,474,708,331,1042,2681,15762
3043,88,1273,624,1218,1442,1291,1161,1137,1357,1399,883,649,376,431,133,1308,2946,17715
3044,93,2034,926,1380,1678,1796,1449,1476,1782,1995,1538,1276,882,1393,556,1857,5022,27116
3045,0,0,0,0,0,4,0,0,3,4,0,6,4,0,4,67,0,100
3046,146,2879,1142,2235,2845,2511,2134,2117,2365,2252,1528,1207,752,947,321,2651,6041,34061
3047,224,1798,821,2199,2129,1646,1234,1099,1123,840,417,216,123,98,66,2133,4730,20901
3048,169,1778,900,2025,1870,1312,1010,1058,922,754,364,221,116,114,47,1295,4080,18025
3049,41,724,374,619,639,612,565,627,720,708,489,373,248,261,105,571,1593,9266
3050,0,6,3,9,5,6,4,0,5,4,0,0,4,3,0,50,24,119
3051,98,2040,504,1039,873,811,812,684,778,948,762,626,462,762,467,1697,1566,14939
3052,24,640,230,374,289,304,348,266,305,399,312,275,155,276,267,807,420,5697
3053,193,5168,832,1261,994,971,995,778,882,937,640,585,371,597,443,1800,1097,18538
3054,31,437,226,441,374,458,495,492,598,689,599,518,369,625,564,569,928,8426
3055,74,941,432,890,959,930,912,848,1044,1115,857,670,498,743,411,929,1906,14160
3056,96,1386,661,1492,1720,1648,1514,1450,1724,2136,1600,1468,1021,1528,789,1635,2613,24475
3057,26,684,284,625,650,695,623,671,831,1092,843,779,520,784,379,813,1207,11502
3058,114,2342,1111,2246,2628,2297,2017,1891,2202,2346,1778,1602,1065,1577,735,2234,5589,33783
3059,84,1557,696,905,891,765,815,934,1066,1133,818,637,453,603,327,722,3059,15466
3060,61,1424,486,1032,1366,1247,813,789,798,723,426,331,219,243,70,995,3025,14040
3061,53,447,222,561,732,417,287,262,273,191,103,66,33,22,7,369,1022,5059
3062,0,0,0,0,0,0,0,0,0,0,0,0,0,0,0,0,0,0
3063,3,52,29,30,29,31,31,22,28,41,33,15,20,31,17,53,110,574
3064,523,7494,2949,5260,4625,3752,3982,4778,5580,5053,3024,2048,1200,1296,371,3921,19604,75458
3065,35,485,234,650,630,565,499,443,635,750,619,558,369,772,634,1388,1198,10447
3066,41,395,180,507,450,427,375,418,504,709,589,525,369,589,369,1079,979,8512
3067,28,452,188,368,343,383,386,398,620,779,697,580,417,703,418,785,649,8199
3068,35,824,467,828,915,995,876,935,1125,1478,1287,1145,823,1492,1297,1527,2628,18665
3070,60,1300,779,1332,1484,1358,1240,1281,1532,1781,1504,1335,962,1682,1247,1680,4014,24567
3071,51,985,522,1017,1364,1119,1094,1142,1326,1426,1058,957,637,1005,524,1373,2977,18569
3072,155,2410,1163,2240,2574,2292,1790,1955,2200,2307,1666,1391,965,1337,488,2660,5256,32848
3073,276,3880,1759,3634,4554,4018,3072,3159,3493,3478,2260,1739,1020,1217,378,4323,8217,50479
3074,131,1902,809,2113,2468,1705,1250,1404,1412,1108,581,351,191,196,83,1428,3366,20522
3075,172,2048,868,2043,2525,1666,1408,1542,1500,1270,713,473,258,286,103,1569,4149,22594
3076,175,3044,1219,2125,2216,1830,1877,2315,2515,2294,1395,956,576,585,157,1947,7180,32395
3078,31,741,408,581,649,667,630,575,757,858,620,637,444,782,686,757,1811,11638
3079,60,1212,702,716,764,785,806,742,858,1040,881,882,610,1116,1193,939,2683,15990
3081,78,916,493,967,1080,1111,788,784,846,874,572,453,269,382,135,1294,2384,13424
3082,140,2837,1241,1998,2227,2008,1827,1999,2341,2391,1446,1038,675,723,195,1559,5065,29713
3083,181,3920,1258,2241,2483,2230,2119,2011,2072,2075,1311,1066,615,851,375,2081,4636,31526
3084,84,1835,992,1273,1369,1456,1504,1380,1510,1654,1301,1235,984,1560,1129,1452,4798,25514
3085,41,1040,479,736,760,827,768,806,952,997,757,691,507,722,400,749,2642,13882
3086,5,209,152,256,74,46,35,4,7,3,0,0,5,0,0,96,21,908
3087,40,609,342,501,610,638,562,527,667,686,461,448,300,400,122,466,1658,9033
3088,68,1783,1087,1343,1595,1647,1590,1601,1843,2068,1609,1325,971,1352,556,1372,5072,26890
3089,31,880,578,544,537,589,656,677,779,880,669,620,437,656,329,522,2344,11739
3090,5,196,143,109,92,87,98,120,172,153,116,129,68,154,126,112,477,2362
3091,8,129,66,67,84,77,120,81,93,104,73,87,55,76,68,118,266,1585
3093,16,268,169,178,190,270,270,196,245,287,256,200,141,221,182,177,618,3891
3094,22,573,349,384,477,508,535,578,621,700,517,462,369,537,198,396,1732,8963
3095,76,2024,1259,1339,1222,1422,1607,1475,1770,1824,1508,1438,1070,1781,1206,1276,5478,27770
3096,0,148,96,117,177,117,118,110,136,139,114,76,76,69,37,96,340,1966
3097,12,122,53,60,62,47,88,84,75,91,57,76,46,82,96,97,286,1443
3099,8,348,211,271,237,269,332,297,346,350,288,237,165,204,107,249,960,4877
3101,80,2299,968,1095,911,1062,1086,1079,1371,1559,1230,1196,838,1664,2422,1785,3951,24604
3102,33,507,319,290,309,298,300,334,379,393,312,264,242,451,485,373,1339,6634
3103,64,1842,717,777,677,807,787,740,867,955,683,660,505,833,1106,865,2444,15343
3104,80,2404,1085,1041,1006,909,952,1010,1111,1253,899,898,636,1161,1238,923,3802,20404
3105,47,1034,425,744,855,724,687,597,669,672,491,454,331,514,363,640,1645,10877
3106,73,1667,709,931,1015,962,958,947,1020,1049,758,725,517,890,820,992,2589,16620
3107,65,1201,528,821,1009,876,813,779,778,920,631,569,398,658,419,825,2287,13557
3108,101,2457,966,1374,1532,1339,1324,1242,1399,1328,965,835,587,845,570,1182,2771,20823
3109,132,3383,1365,1777,1976,1765,1695,1614,1762,1808,1247,1085,789,1229,748,1260,4729,28357
3111,40,1095,539,649,683,830,802,630,716,801,605,538,374,588,564,780,2119,12348
3113,28,684,373,378,367,407,464,451,485,522,440,386,297,545,484,440,1705,8460
3114,14,336,218,183,180,176,183,175,207,208,200,161,114,222,313,173,757,3823
3115,14,332,207,160,183,163,208,211,257,249,158,192,163,208,221,203,667,3799
3116,25,693,433,505,656,669,642,680,739,805,505,434,262,381,166,530,1740,9872
3121,93,1395,740,1539,1510,1395,1270,1382,1990,2595,2352,2208,1585,2675,2026,2671,3062,30502
3122,98,2082,788,1077,946,1032,1177,1098,1381,1711,1412,1344,880,1666,1995,1766,3061,23508
3123,54,1229,412,609,553,621,632,666,872,1042,814,783,568,1020,1263,895,2297,14319
3124,64,2092,979,990,926,993,1085,1027,1144,1276,994,1047,743,1534,2018,1298,3870,22091
3125,110,2638,735,1078,1055,967,872,787,740,834,517,471,352,613,370,926,1949,15021
3126,19,769,380,343,341,311,342,321,388,432,364,337,263,530,950,558,1406,8060
3127,45,1656,898,825,787,816,851,834,992,1173,904,888,644,1340,1619,782,3400,18445
3128,127,3014,782,1222,1355,1218,1189,1084,1238,1223,814,681,504,832,514,1273,2757,19832
3129,69,1934,770,1042,1059,1006,998,991,989,1160,837,741,542,812,579,747,3103,17374
3130,126,2950,1449,1674,1887,1951,1854,1765,1859,2074,1490,1375,1042,1784,1114,1820,5959,32171
3131,85,1987,945,1320,1558,1641,1378,1275,1531,1490,1063,906,657,997,497,1205,3981,22499
3132,45,1195,661,815,922,971,974,944,1083,1159,886,766,591,946,424,756,3004,16148
3133,74,2140,1052,1284,1427,1375,1451,1282,1407,1441,1021,919,714,1113,556,922,3964,22119
3134,115,2450,1414,1879,1911,2190,1963,2013,2128,2475,1689,1482,1076,1504,833,1538,6131,32782
3135,76,1343,787,1086,1104,1410,1279,1170,1374,1481,1097,953,648,976,388,978,3805,19954
3136,150,2882,1793,2437,2819,3203,2918,2872,3189,3314,2399,1974,1270,1831,732,2437,8162,44373
3137,42,768,503,760,954,1082,944,1012,1031,1109,727,530,335,408,153,959,2570,13872
3138,68,1505,874,1214,1369,1384,1459,1515,1717,1753,1144,925,574,737,237,1161,4330,21964
3139,45,922,488,751,871,906,945,1001,1125,1055,676,498,290,302,144,869,2811,13722
3140,67,1070,644,873,1113,1253,1112,1136,1291,1265,816,650,436,530,217,979,3067,16532
3141,101,1902,521,892,946,973,994,1139,1727,2232,1970,1792,1265,2184,2007,2714,1793,25149
3142,70,1073,347,423,374,444,464,502,717,887,707,737,488,1080,2054,1111,1435,12912
3143,29,593,279,324,351,413,396,420,562,716,519,528,341,698,909,725,1239,9052
3144,42,819,360,412,381,407,439,419,517,702,561,583,430,824,1376,746,1888,10885
3145,92,2755,999,1072,1130,1078,1117,1037,1244,1457,1070,1042,767,1391,1849,1217,3980,23294
3146,69,2062,985,1082,972,1039,1121,1184,1294,1638,1352,1218,925,1873,2356,1301,4770,25256
3147,66,1171,614,804,855,799,724,651,786,816,608,620,469,974,800,961,2923,14634
3148,55,904,337,530,598,496,473,474,588,654,423,341,255,398,195,590,1343,8643
3149,137,3626,1506,1968,2030,1950,1938,1903,1993,2153,1647,1395,1092,1810,1083,1668,5705,33612
3150,287,7452,2881,3533,3960,3762,3423,3370,3558,3892,2690,2294,1679,2886,1833,2754,9837,60082
3151,46,1220,486,758,892,687,655,600,657,668,449,343,290,362,190,512,1461,10269
3152,109,3283,1497,1950,2279,2231,2048,2090,2357,2391,1681,1369,959,1377,632,1606,5230,33089
3153,62,1510,730,1149,1363,1352,1327,1432,1687,1683,1157,814,504,538,135,1476,3632,20552
3154,16,276,173,216,282,271,290,248,316,352,236,218,134,143,56,316,875,4418
3155,85,1431,761,1339,1536,1757,1514,1654,1864,1789,1182,838,506,623,151,1364,3796,22193
3156,134,2782,1504,2038,2457,2486,2294,2465,2775,2922,1983,1632,1077,1375,626,2098,6810,37458
3158,28,460,307,337,326,403,407,437,505,512,375,333,217,309,120,303,1270,6648
3159,12,199,117,150,152,104,146,155,179,200,142,115,76,123,54,193,530,2652
3160,25,603,401,485,493,556,527,552,643,641,528,427,316,387,162,478,1783,9014
3161,59,1262,447,670,666,702,698,671,878,1024,826,818,610,957,1254,1223,2513,15271
3162,72,1373,638,814,881,904,866,850,1021,1137,897,861,617,1104,1111,1232,3060,17452
3163,138,3412,1096,1626,1658,1998,1749,1802,2114,2399,1796,1599,1237,1907,1098,1807,4925,32355
3165,79,2193,1037,1390,1709,1651,1563,1399,1634,1845,1311,1173,925,1561,929,1435,5784,27636
3166,116,2418,902,1390,1608,1433,1239,1359,1566,1618,1196,1067,715,1195,502,1514,3924,23759
3167,38,788,400,599,785,630,536,579,601,632,475,358,238,346,172,571,1511,9259
3168,225,4793,879,1291,1296,1387,1341,1065,1144,1236,692,606,358,407,125,1280,2076,20200
3169,126,2264,795,1460,1858,1492,1239,1430,1592,1376,799,617,348,383,117,1181,3050,20122
3170,97,1947,684,1210,1450,1272,1079,1121,1329,1380,934,827,534,738,289,1135,3337,19370
3171,186,2951,822,2028,2201,1669,1414,1466,1486,1101,517,371,206,205,83,1530,3480,21713
3172,131,2339,927,1640,1802,1522,1515,1728,1732,1504,912,672,463,548,223,1282,4159,23091
3173,127,2946,974,1600,1850,1474,1439,1855,2025,1799,1151,863,553,621,228,1160,5107,25785
3174,309,4006,1335,2880,3443,3002,2503,3007,2969,2554,1342,846,394,407,142,2664,6676,38465
3175,434,5290,1848,4447,4543,4046,3330,3902,3956,3187,1666,1050,544,537,223,4449,9858,53297
3177,122,1018,413,1035,1043,926,680,874,805,629,319,145,70,70,32,945,2187,11305
3178,125,2991,1681,1851,1965,1784,1935,2122,2384,2692,1795,1536,1072,1494,664,1347,6235,33669
3179,24,562,273,353,387,362,374,377,499,427,281,240,148,205,71,310,1138,6019
3180,31,665,316,354,559,486,534,460,585,545,385,305,185,242,110,370,1313,7462
3181,57,947,360,892,1121,1028,910,1056,1396,1793,1497,1363,996,1683,1273,2233,1669,20267
3182,65,1074,411,842,974,1211,1149,1320,1840,2140,1684,1512,1046,1780,1213,3356,1770,23394
3183,59,1002,422,678,806,966,967,1080,1333,1567,1220,1151,754,1197,862,1497,2933,18491
3184,42,669,322,460,518,629,663,751,1005,1380,1143,1081,740,1312,1223,1429,2149,15547
3185,28,843,376,505,570,653,635,633,776,935,759,691,482,879,901,860,2410,12932
3186,88,1956,875,863,854,959,927,928,1085,1342,1031,1009,780,1704,3180,1636,4035,23258
3187,51,1251,688,667,693,834,825,712,797,858,719,715,502,1074,1355,1059,3185,15997
3188,65,1346,742,865,942,998,785,868,943,953,788,761,554,1145,1593,1123,3611,18082
3189,27,414,256,330,381,380,340,374,344,412,321,246,179,284,145,429,1049,5894
3190,25,655,400,511,632,610,532,522,653,722,543,504,366,642,424,663,2054,10457
3191,23,727,391,394,401,578,527,441,546,639,442,473,412,705,963,780,1803,10242
3192,77,1502,863,1129,1422,1616,1312,1266,1457,1611,1151,1052,722,1169,607,1318,4015,22292
3193,54,1453,803,843,868,917,1039,974,1077,1220,928,968,669,1294,1737,1037,3622,19505
3194,41,906,439,599,677,801,843,792,876,986,757,707,469,688,475,813,2103,12965
3195,121,2537,1461,1736,1912,2066,1928,1944,2253,2546,1858,1823,1312,2164,1189,1931,7099,35867
3196,68,1479,841,1191,1581,1757,1499,1544,1855,1842,1502,1154,859,1157,458,2018,4522,25329
3197,47,750,376,567,724,721,711,721,802,914,664,568,394,540,304,811,1926,11547
3198,56,992,490,943,1120,1378,1097,1117,1281,1337,904,642,412,444,131,1388,2727,16462
3199,186,3296,1950,3179,4002,4368,3877,3642,4026,3870,2546,1972,1322,1633,735,4323,9371,54299
3200,36,320,180,437,622,621,405,405,409,322,135,87,26,33,22,649,1066,5759
3201,92,1366,673,1123,1380,1293,1321,1625,1856,1743,1011,641,366,352,89,1595,4173,20713
3202,10,267,102,111,145,139,146,157,165,208,127,132,76,139,95,216,664,2907
3204,101,2926,1263,1416,1626,1616,1538,1543,1799,1943,1477,1386,982,1935,1506,1532,6052,30642
3205,44,658,251,527,581,560,405,444,633,782,618,633,481,987,918,1137,1261,10919
3206,34,634,285,380,427,436,364,370,516,596,485,501,387,889,1459,795,1806,10366
3207,53,796,374,654,712,741,565,630,821,1010,948,984,809,1666,1734,1467,2205,16180
3211,6,94,63,73,75,66,95,77,81,69,60,59,29,56,28,137,246,1319
3212,58,1089,696,837,1040,1060,893,985,1056,1142,826,648,446,586,197,1783,3318,16650
3213,11,327,169,217,289,224,245,236,281,277,174,139,90,162,91,274,829,4032
3214,99,1828,872,2233,2558,2302,1688,1657,1468,1164,512,306,170,174,95,2197,4635,23960
3215,74,1194,756,1370,1910,1866,1380,1483,1385,1348,872,675,458,548,241,1718,3342,20615
3216,173,3477,2477,3632,4253,4256,3966,3638,3794,3921,2629,2198,1499,1974,929,3320,10130,56285
3217,5,335,217,288,258,298,331,428,536,537,450,341,223,231,92,445,1594,6607
3218,49,691,474,786,919,982,927,828,914,1009,728,553,441,564,298,866,2384,13438
3219,63,1028,661,1382,1811,2053,1606,1425,1489,1278,778,540,321,384,160,1632,3097,19719
3220,58,1076,634,791,974,1024,950,908,1061,1133,882,826,573,857,735,1193,2682,16352
3221,0,48,35,46,40,45,37,35,35,36,34,35,15,40,50,51,167,754
3222,55,946,567,935,1329,1177,1143,1000,991,965,630,467,324,375,240,1115,2700,14962
3223,36,388,259,577,860,836,714,513,424,401,257,194,105,141,87,708,899,7401
3224,46,784,553,857,1089,1082,1117,997,1101,1030,671,517,299,331,127,900,2700,14187
3225,19,218,141,228,297,334,338,281,277,288,198,177,130,158,117,344,515,4058
3226,35,876,538,717,882,957,1070,871,999,978,676,694,447,540,266,704,2899,14161
3227,11,263,190,197,248,270,292,256,278,325,225,244,177,222,210,314,1090,4821
3228,50,1101,647,840,912,953,1042,1068,1119,1209,942,848,601,908,571,1034,4107,17939
3230,10,98,110,147,165,177,191,196,196,200,142,87,64,92,65,226,387,2548
3231,0,55,64,85,99,77,105,83,89,87,71,47,30,43,49,99,181,1257
3232,0,64,27,48,85,69,98,101,89,87,39,29,24,36,41,134,140,1111
3233,8,93,82,145,160,205,210,167,161,128,66,50,31,33,31,197,257,2029
3234,4,3,3,4,15,10,14,18,19,15,11,8,3,8,7,22,28,179
3235,5,12,9,15,17,31,29,22,30,27,23,7,6,18,8,33,71,380
3236,0,14,3,17,30,29,14,13,15,12,12,6,3,4,0,25,28,230
3237,0,14,11,15,25,21,25,15,20,14,6,0,0,7,9,14,24,218
3238,7,8,10,14,30,17,15,9,15,15,8,9,6,10,0,17,27,219
3239,4,29,16,25,37,42,24,20,37,35,19,6,7,3,5,50,69,423
3240,6,123,92,102,133,117,160,112,117,144,97,111,58,69,43,108,428,2026
3241,12,179,82,194,228,217,189,174,152,181,105,70,41,46,27,223,451,2565
3242,0,44,33,35,79,65,58,59,67,61,40,27,15,15,13,56,161,828
3243,11,19,7,24,21,27,34,23,32,13,15,19,11,7,4,20,68,357
3249,49,164,139,211,256,254,225,221,229,217,139,75,69,58,38,240,622,3204
3250,55,483,443,738,1166,1122,1012,941,1020,864,468,276,192,177,104,978,2216,12250
3251,5,34,22,21,45,52,40,41,27,36,19,15,10,7,8,52,85,522
3254,0,10,5,20,24,16,18,30,29,25,11,13,3,3,3,19,76,307
3260,32,230,189,290,480,458,370,299,357,303,177,144,74,76,64,417,815,4768
3264,9,129,87,149,195,222,182,145,140,143,87,49,27,36,24,276,406,2289
3265,31,166,110,143,179,153,176,152,225,171,113,87,50,44,57,194,565,2614
3266,33,151,116,240,242,242,255,199,249,193,110,101,60,44,41,227,573,3071
3267,5,12,19,13,21,9,21,17,13,15,8,3,0,7,4,25,53,245
3268,25,154,99,134,180,185,184,163,223,188,105,74,32,53,73,231,507,2601
3269,11,32,21,44,49,36,41,37,34,39,21,17,16,36,27,86,175,729
3270,0,13,3,17,11,21,20,14,24,16,14,13,5,3,4,22,38,251
3271,5,11,6,11,9,13,14,11,16,11,5,5,3,4,8,22,33,193
3272,12,70,46,100,172,188,110,98,105,88,40,35,19,17,20,118,291,1533
3273,0,10,4,3,10,12,8,3,8,10,5,11,3,3,0,16,27,146
3274,0,14,4,16,25,19,17,17,15,10,18,7,3,3,6,20,53,242
3275,4,28,22,23,26,20,31,19,36,47,28,12,12,8,0,26,93,426
3276,0,26,25,36,32,36,32,31,43,28,24,15,4,6,6,25,107,479
3277,10,80,52,96,146,112,134,143,137,146,83,54,45,52,43,187,415,1922
3278,0,11,10,16,21,26,25,17,16,24,11,14,10,14,0,21,74,315
3279,0,15,12,15,14,13,22,16,26,15,7,6,3,7,7,29,70,291
3280,98,1429,1258,1993,2417,2702,2398,2420,2504,2198,1280,975,649,701,406,2505,5639,31568
3281,10,113,76,79,81,80,92,105,150,126,72,75,43,50,29,125,400,1702
3282,8,115,78,137,194,169,169,163,171,187,108,70,67,38,33,185,487,2363
3283,9,72,51,69,97,67,103,81,103,111,71,40,28,29,19,105,303,1361
3284,16,162,87,186,272,339,278,242,219,230,143,119,66,99,48,330,607,3437
3285,9,81,51,82,93,76,94,74,59,82,41,52,34,31,22,105,212,1210
3286,3,19,20,50,52,50,35,25,36,43,21,15,14,5,4,53,113,564
3287,5,24,25,21,19,22,29,43,37,33,17,11,12,6,8,29,96,436
3289,17,29,35,40,72,77,71,51,38,47,36,24,15,8,8,45,146,757
3292,0,8,8,18,20,28,23,15,13,11,7,5,0,5,0,12,16,187
3293,0,9,13,19,33,30,21,12,28,24,15,7,0,0,4,30,60,302
3294,3,39,25,74,95,63,68,70,69,58,34,36,18,30,6,86,185,954
3300,43,490,344,645,938,962,839,790,792,661,400,291,186,192,103,750,1660,10087
3301,0,54,55,59,66,72,87,90,107,104,43,45,35,42,24,72,266,1212
3302,4,20,11,24,26,25,23,31,24,27,15,16,6,11,4,29,71,371
3303,0,24,12,14,19,21,10,21,31,32,11,10,8,6,10,40,70,338
3304,19,149,125,153,255,247,200,166,186,193,101,79,50,47,33,291,442,2725
3305,36,680,531,997,1133,1080,934,871,733,720,462,412,324,436,147,1172,2144,12815
3309,0,13,6,4,10,16,11,4,4,11,0,0,0,0,0,7,21,126
3310,0,9,13,21,42,27,25,19,22,23,6,0,3,0,0,22,28,272
3311,12,83,56,116,221,243,128,103,106,93,41,25,23,18,9,179,232,1696
3312,0,55,43,71,87,74,87,70,66,53,32,27,22,16,13,112,184,1033
3314,4,21,16,36,44,34,42,41,36,33,27,13,8,20,12,36,102,525
3315,9,75,65,108,163,171,134,131,113,93,51,36,22,34,10,162,257,1629
3317,4,8,11,6,9,20,11,25,14,15,12,6,0,4,4,8,46,197
3318,9,58,35,69,122,152,99,90,81,87,35,34,23,13,20,136,201,1265
3319,0,21,14,10,42,31,37,25,32,31,8,15,11,5,4,14,45,345
3321,12,77,53,68,88,91,86,97,114,107,79,72,50,52,24,87,356,1519
3322,0,10,8,10,35,17,12,9,14,7,8,7,0,0,0,16,27,176
3323,0,0,4,3,7,10,6,8,3,6,8,3,0,0,0,10,13,88
3324,3,25,17,44,52,50,50,36,33,32,20,9,10,6,4,63,73,531
3325,9,20,21,36,40,57,38,23,31,27,10,17,4,7,9,39,88,480
3328,8,109,56,91,136,100,109,102,125,125,72,78,55,53,17,96,389,1720
3329,0,28,11,20,16,26,27,21,19,18,9,7,0,7,3,8,59,284
3330,0,12,6,6,21,20,15,17,19,15,8,4,5,0,4,19,48,222
3331,14,371,224,294,363,313,328,338,383,450,306,267,144,191,71,418,1523,5996
3332,3,68,41,60,65,61,57,61,59,68,53,33,20,22,14,86,236,1013
3333,3,47,21,50,60,65,67,54,56,57,31,29,13,19,17,66,174,827
3334,4,43,26,26,48,45,41,41,27,29,18,18,10,13,14,72,100,566
3335,30,466,157,252,251,252,281,366,486,541,368,241,148,120,37,512,1340,5859
3337,188,2726,1224,2268,2539,2365,2213,2389,2698,2605,1626,1008,626,674,219,2630,8454,36455
3338,126,1756,708,1366,1534,1498,1433,1467,1658,1644,1113,752,473,496,155,1600,5642,23419
3340,97,1509,769,1118,1473,1401,1288,1305,1425,1463,1105,815,601,716,255,1367,4416,21123
3341,10,128,96,87,96,89,89,101,97,124,81,73,59,65,35,137,315,1666
3342,17,236,149,222,277,223,209,218,235,209,146,145,68,122,48,279,638,3440
3345,10,82,32,79,89,78,65,65,70,70,53,46,32,50,15,85,234,1151
3350,219,3351,2150,3893,4366,4749,4099,3942,4042,3957,2783,2181,1522,1836,1040,3976,11034,59147
3351,43,494,326,590,673,582,524,595,599,557,284,262,166,182,62,551,1678,8169
3352,81,938,616,912,1134,1022,1030,982,1029,1151,723,585,379,423,241,1383,3382,16000
3355,36,730,475,980,1317,1373,1021,962,829,757,398,253,152,153,140,1169,2256,13016
3356,56,821,503,1166,1664,1617,1288,1257,1247,1040,542,366,185,147,60,1257,3110,16322
3357,3,202,168,198,215,232,213,201,227,239,182,183,110,152,87,253,848,3714
3360,9,44,25,63,92,84,53,48,62,36,24,21,13,4,8,71,110,765
3361,7,33,22,55,72,90,46,43,32,34,15,15,6,8,7,74,126,680
3363,10,163,104,225,292,405,298,237,239,195,116,93,59,51,26,358,602,3476
3364,8,108,87,164,170,185,158,121,170,115,81,75,27,66,25,227,383,2149
3370,11,129,74,141,224,216,124,122,107,81,41,34,19,25,16,165,260,1782
3371,12,55,39,111,132,123,58,67,50,51,28,20,9,14,8,109,117,990
3373,24,115,89,153,283,220,174,165,138,126,59,58,27,37,20,195,404,2291
3374,0,29,15,27,47,39,23,34,34,30,15,13,9,10,0,20,63,399
3375,0,10,4,22,20,16,8,12,17,13,7,3,5,0,0,26,48,206
3377,40,391,269,662,791,843,764,731,652,527,338,244,162,154,80,1333,1435,9414
3378,0,4,6,4,0,5,15,10,7,9,0,0,5,3,4,18,40,149
3379,3,29,17,42,73,77,49,59,49,40,22,17,17,20,19,134,136,801
3380,27,266,194,417,680,632,493,508,425,347,219,139,88,103,46,547,887,6033
3381,8,42,49,63,110,92,113,91,91,77,41,50,27,31,9,117,197,1211
3384,3,37,21,48,44,49,55,50,39,31,12,14,7,10,0,70,71,547
3385,0,28,20,49,58,48,29,33,31,32,27,16,8,7,6,27,75,517
3387,8,24,6,22,35,26,18,27,24,21,11,9,0,4,0,25,55,315
3388,0,29,28,41,52,77,44,23,41,40,9,17,11,6,9,47,88,562
3390,9,51,32,66,93,90,72,71,63,45,42,15,10,21,7,66,155,914
3391,3,4,3,13,24,22,14,12,20,7,0,8,0,3,4,5,33,172
3392,14,27,8,33,91,72,30,54,22,35,22,11,4,6,0,69,78,581
3393,23,98,98,170,287,303,225,200,190,168,90,55,29,29,25,256,443,2684
3395,7,15,11,23,51,36,38,23,16,23,19,4,4,6,6,36,40,361
3396,12,43,20,44,74,71,57,59,28,49,29,20,8,7,3,99,107,738
3400,56,586,493,820,1250,1290,1235,1176,1234,989,594,393,278,282,163,1002,2696,14541
3401,50,226,209,249,254,324,323,308,376,313,191,134,84,123,57,277,928,4418
3407,8,20,14,31,34,49,34,23,35,17,23,16,11,5,3,23,65,422
3409,13,31,28,43,77,71,99,75,63,61,46,26,8,22,17,84,163,937
3412,0,27,9,22,52,27,19,25,18,11,11,0,8,5,5,19,45,299
3413,0,9,15,11,13,15,13,12,11,17,15,10,3,6,8,16,46,220
3414,3,112,72,128,238,176,126,106,115,101,61,41,23,39,21,203,255,1824
3415,0,6,3,6,3,0,7,0,4,0,3,6,0,0,0,0,4,40
3418,42,147,108,166,237,267,256,242,248,170,88,71,42,31,30,177,444,2771
3419,14,46,29,48,75,104,60,61,56,72,20,22,14,20,9,33,123,806
3420,4,11,12,10,22,6,32,31,17,18,13,4,0,6,6,22,69,277
3423,3,28,13,48,90,62,42,29,19,15,9,6,9,3,3,40,66,480
3424,5,36,30,64,88,95,52,51,46,55,22,19,11,9,9,43,133,769
3427,6,166,89,143,186,149,195,187,233,256,162,113,56,67,26,242,470,2761
3428,4,39,26,51,41,28,45,46,35,58,24,22,8,19,13,91,110,680
3429,129,2546,1480,1871,2266,2300,2246,2364,2610,2946,1999,1482,977,1313,503,2058,7192,36296
3430,3,18,12,17,17,22,26,20,18,26,15,9,6,15,14,35,63,322
3431,14,275,171,174,194,225,248,233,276,275,198,200,149,207,96,186,817,3945
3432,0,7,4,12,14,3,9,15,13,15,12,0,3,7,13,32,41,196
3433,0,18,10,9,11,11,14,18,14,9,14,7,3,7,8,19,44,216
3434,23,425,178,252,310,345,302,280,371,337,237,209,152,193,80,330,1042,5070
3435,6,180,93,175,189,189,191,155,189,194,141,108,82,100,59,242,570,2878
3437,35,762,395,498,499,564,589,569,599,704,489,507,307,584,366,657,2323,10445
3438,3,178,96,118,130,137,131,119,147,157,104,97,71,141,86,103,578,2386
3440,6,153,69,98,96,114,120,102,134,113,85,96,69,123,74,155,444,2040
3441,14,92,43,67,56,59,65,79,80,74,65,72,56,81,103,70,275,1337
3442,27,539,236,385,376,423,410,449,435,437,353,313,176,427,289,636,1551,7463
3444,37,539,323,496,784,748,617,583,606,601,403,345,210,289,166,843,1596,9197
3446,4,63,46,64,76,83,77,53,83,78,44,43,14,29,10,94,162,1028
3447,0,32,29,16,33,37,28,34,46,27,17,16,10,10,4,40,73,448
3448,0,55,33,58,86,81,67,60,55,61,31,19,15,26,22,70,126,878
3450,8,265,231,429,659,725,595,493,470,403,235,199,122,141,100,686,1055,6838
3451,25,246,192,299,431,456,363,387,330,329,208,166,92,118,47,1109,863,5654
3453,3,101,77,106,147,147,107,127,128,113,84,60,30,55,24,114,310,1725
3458,13,100,60,121,168,195,139,119,131,104,79,74,36,72,36,241,270,1947
3460,14,118,72,165,228,333,219,215,177,148,91,73,45,58,39,239,325,2566
3461,23,247,119,295,393,361,320,298,283,256,154,124,75,92,69,339,703,4150
3462,0,68,54,89,113,115,93,85,92,62,37,27,19,14,5,111,189,1173
3463,13,118,132,185,279,299,235,153,171,134,69,59,31,38,34,204,295,2454
3464,6,82,46,98,99,110,108,86,72,56,27,14,13,17,4,52,227,1118
3465,50,474,338,804,1352,1145,846,721,662,435,212,149,81,77,45,839,1536,9770
3467,3,58,44,86,158,151,75,66,71,63,29,25,7,7,6,136,204,1196
3468,0,18,18,25,46,30,18,15,28,13,3,6,0,4,0,24,34,284
3469,0,15,9,21,39,46,19,16,12,10,7,10,3,5,0,23,39,278
3472,10,71,41,147,243,217,120,75,83,53,25,19,12,13,4,151,189,1482
3475,9,18,15,35,63,55,17,24,10,11,8,8,5,0,0,27,46,348
3477,7,43,32,84,85,97,63,53,49,43,30,18,13,13,5,78,113,824
3478,12,96,106,183,329,343,201,189,165,123,82,53,32,18,0,191,323,2457
3480,13,89,68,121,167,195,159,102,132,108,56,31,13,14,13,248,309,1862
3482,0,16,5,14,20,25,17,7,7,7,0,0,0,0,4,17,25,169
3483,9,51,31,58,79,82,66,45,63,62,25,21,12,20,9,87,166,888
3485,4,24,6,27,36,39,28,19,25,9,10,5,3,0,5,28,39,302
3487,0,9,0,5,11,13,3,3,3,9,0,0,5,3,0,6,23,96
3488,0,11,4,7,8,11,9,5,10,6,0,4,9,0,0,7,25,110
3489,3,6,0,0,3,6,7,3,6,4,4,0,0,0,0,4,3,53
3490,14,76,29,83,134,148,101,94,93,78,38,32,24,18,8,138,182,1290
3491,5,4,3,11,10,12,11,10,11,8,3,0,0,0,0,17,32,133
3494,17,29,23,34,40,55,60,67,72,34,14,14,9,7,9,91,99,661
3496,38,298,234,408,516,552,416,460,468,402,222,123,83,80,46,687,1204,6224
3498,20,311,231,308,398,400,402,387,390,358,220,162,96,114,76,381,1062,5324
3500,127,1726,990,2289,3074,2789,2345,2391,2309,1915,1207,906,538,533,297,3175,6149,32738
3501,4,108,72,113,120,101,110,142,150,144,87,93,46,52,30,124,442,1939
3505,31,284,183,325,447,410,339,356,366,290,179,137,55,57,30,433,935,4829
3506,0,0,0,0,0,6,9,4,3,0,0,0,5,0,0,10,3,37
3507,0,7,6,9,14,24,11,13,8,6,5,4,0,0,3,17,33,157
3509,0,5,12,20,29,17,12,12,26,20,18,0,5,6,3,14,38,231
3512,3,27,8,12,33,30,36,30,21,21,14,13,7,5,6,32,68,371
3515,11,95,57,92,117,120,104,160,163,138,102,66,32,35,12,149,484,1940
3516,3,32,28,47,71,57,49,51,50,35,35,15,16,8,6,64,125,694
3517,3,60,27,107,204,161,104,96,77,78,36,24,15,9,12,171,223,1416
3518,10,71,44,107,176,163,97,73,79,51,24,16,8,12,9,187,172,1307
3520,0,10,7,20,42,28,5,13,4,8,0,0,0,0,0,23,20,179
3521,3,50,25,40,46,58,32,45,44,36,36,20,16,10,6,45,144,660
3522,3,21,18,20,40,23,18,29,29,22,9,8,3,10,4,41,49,334
3523,15,201,118,293,548,397,275,209,193,175,111,78,50,55,26,421,457,3619
3525,21,80,53,103,154,144,87,79,89,72,28,31,18,16,0,124,189,1302
3527,5,50,24,63,76,127,52,72,28,37,19,13,9,0,8,89,99,785
3529,6,8,8,8,7,9,9,4,10,8,3,5,0,3,0,8,31,120
3530,4,7,5,14,8,8,12,7,14,3,6,6,3,3,0,18,21,125
3531,5,14,9,15,28,18,13,11,11,9,8,4,0,0,0,18,34,191
3533,3,37,19,62,103,85,40,43,51,47,23,25,7,5,7,90,127,779
3537,6,39,46,89,95,99,78,57,64,65,26,27,18,13,9,136,180,1042
3540,5,20,11,15,38,38,27,18,21,14,11,4,0,0,3,35,30,286
3542,0,12,7,20,19,13,12,14,7,4,3,0,3,0,3,12,25,155
3544,3,23,3,13,24,15,16,18,24,14,6,6,3,4,0,30,46,249
3546,0,15,7,31,46,39,19,22,33,22,10,13,8,8,7,49,68,403
3549,40,222,80,173,252,250,238,274,242,195,84,58,47,35,31,564,733,3527
3550,115,2040,1564,2921,3301,3360,3030,2934,2926,2622,1805,1357,835,1062,597,3162,6719,40341
3551,69,1633,1191,1476,1767,1644,1888,1977,2093,2071,1493,1265,823,1011,398,1720,7031,29564
3555,48,943,617,1261,1856,1768,1522,1603,1543,1252,750,504,319,345,128,1774,3442,19688
3556,51,679,421,918,1168,1197,1044,1080,943,746,427,288,171,126,69,1174,2583,13087
3557,3,44,41,50,58,49,55,57,67,41,42,21,25,16,3,48,168,785
3558,3,48,35,68,110,80,87,60,64,59,27,19,15,13,7,82,142,916
3559,0,26,30,39,56,43,46,35,41,31,13,14,3,13,3,51,98,545
3561,35,262,160,287,434,393,342,304,319,280,151,117,93,91,33,364,781,4434
3562,0,19,4,11,20,13,22,26,19,22,16,7,0,0,0,38,51,278
3563,9,44,36,59,75,74,56,63,57,54,40,18,10,10,13,50,155,808
3564,64,707,548,925,1352,1303,1248,1210,1248,1093,590,488,310,307,186,1456,2892,15944
3565,4,7,10,7,3,10,9,9,9,0,0,0,0,6,0,4,23,107
3566,9,34,22,28,47,48,47,31,34,36,19,12,3,7,0,66,111,556
3567,3,34,24,37,77,43,61,58,45,45,20,12,3,4,0,61,122,654
3568,18,159,111,209,320,302,247,239,229,172,95,67,33,46,30,233,439,2948
3570,7,59,25,47,85,56,56,62,57,45,23,16,4,14,3,45,145,752
3571,6,20,12,20,41,25,25,16,25,11,6,6,5,3,0,37,55,319
3572,5,7,7,11,13,4,10,15,6,10,4,8,0,8,0,15,35,151
3573,0,16,10,27,35,27,24,32,17,19,7,4,3,0,0,34,75,331
3575,18,67,21,36,60,80,82,52,51,53,12,19,10,3,7,67,153,807
3576,0,7,5,3,5,11,5,4,3,6,3,0,0,0,0,5,21,72
3579,44,252,199,361,563,580,466,415,372,319,146,110,62,58,46,479,901,5362
3580,8,47,38,97,121,106,83,87,69,47,24,15,16,12,0,75,145,990
3581,3,6,12,19,16,17,15,12,6,3,8,3,0,4,5,19,22,163
3583,5,15,8,14,15,17,9,21,5,9,3,0,8,4,0,19,45,208
3584,8,60,41,69,84,84,61,80,94,56,30,28,15,14,13,166,240,1139
3585,43,509,409,636,868,872,870,902,821,745,431,325,151,196,105,1225,2108,11205
3586,6,34,30,59,44,46,51,75,49,60,29,25,10,15,8,114,167,825
3588,0,22,19,34,26,17,34,31,27,26,7,3,4,6,9,20,70,359
3589,3,18,12,24,26,21,21,37,16,25,9,9,11,3,0,52,71,347
3590,0,26,11,16,30,24,15,30,20,26,5,9,3,6,0,32,79,335
3591,0,8,11,15,5,11,12,10,8,15,7,3,6,3,4,10,31,164
3594,3,26,15,37,50,44,37,32,33,49,10,9,5,3,3,87,83,529
3595,8,33,22,50,89,61,43,38,38,20,8,13,3,0,4,120,111,665
3596,0,8,0,8,3,7,4,10,9,6,0,0,4,3,4,13,17,96
3597,8,24,12,26,34,39,31,25,37,30,11,13,9,9,6,51,51,413
3599,0,9,5,0,15,11,9,7,9,11,6,3,0,0,0,24,22,133
3607,0,12,0,6,3,4,17,6,16,15,6,0,4,3,0,22,28,136
3608,13,109,92,163,237,252,191,195,191,163,73,84,38,50,25,209,335,2417
3610,19,74,48,93,126,167,96,91,91,88,50,37,23,19,10,422,261,1714
3612,3,80,62,138,221,237,130,114,104,88,51,38,23,17,14,182,206,1708
3614,4,44,35,35,59,37,60,73,45,71,46,38,34,25,9,51,200,882
3616,27,277,172,323,426,462,371,359,354,371,236,165,102,122,45,516,1016,5353
3617,0,10,11,8,17,14,17,7,5,7,3,3,0,8,0,16,19,163
3618,5,43,22,55,76,60,49,57,45,42,24,4,13,9,4,52,114,675
3620,56,457,257,478,810,721,653,632,554,566,295,218,118,127,62,780,1461,8241
3621,11,137,98,115,219,229,196,191,163,147,67,46,30,37,28,162,498,2368
3622,0,26,18,32,27,35,28,33,32,37,21,16,7,5,5,49,86,456
3623,6,55,30,75,105,85,66,53,67,51,27,13,8,17,10,88,144,903
3624,8,34,21,29,65,53,35,48,43,39,21,14,3,4,9,30,103,558
3629,32,470,284,525,948,751,689,710,708,628,331,213,110,113,61,891,1657,9130
3630,168,1794,1052,2233,2463,2360,2214,2147,2262,1934,1132,791,467,549,309,3067,6328,31266
3631,47,634,494,521,732,765,759,851,814,891,587,490,308,363,187,713,2460,11610
3633,6,37,22,23,32,37,35,45,54,44,35,17,17,9,6,55,141,604
3634,11,113,63,94,130,140,135,105,144,131,78,51,47,39,15,161,353,1798
3635,7,21,13,29,50,57,39,38,49,48,23,22,8,5,8,42,88,536
3636,35,256,192,320,551,512,425,391,392,330,201,133,66,68,51,406,910,5241
3637,11,29,26,26,61,45,45,59,44,50,31,4,5,11,8,23,124,593
3638,18,78,98,134,203,187,165,147,160,119,78,55,34,27,35,178,366,2075
3639,3,34,19,47,60,71,47,31,36,35,7,9,0,4,3,53,67,524
3640,9,59,42,54,69,87,89,54,74,67,32,35,13,17,8,71,234,1000
3641,9,71,53,68,116,82,82,65,90,91,35,42,19,12,4,126,258,1233
3646,3,27,26,29,59,50,48,31,31,43,22,20,12,8,11,32,122,586
3647,0,8,6,8,0,3,4,0,3,0,0,0,4,0,0,4,3,40
3649,8,34,12,31,37,36,30,34,26,15,19,18,0,5,4,41,76,431
3658,33,454,233,351,526,455,382,421,449,450,298,195,136,121,49,470,1198,6221
3659,3,28,43,54,46,48,51,38,52,54,41,27,13,30,14,61,128,734
3660,38,433,281,528,684,620,552,514,515,489,312,197,123,135,63,929,1161,7577
3662,3,50,34,33,22,13,24,105,79,75,82,89,58,53,4,64,290,1075
3663,0,12,4,6,10,14,14,14,12,9,9,3,3,3,6,17,43,180
3664,8,69,36,58,83,89,77,76,62,66,47,38,26,31,20,101,187,1072
3665,0,17,13,22,30,26,37,26,20,20,18,8,8,6,3,44,49,357
3666,31,231,155,344,448,461,396,362,357,258,176,99,81,78,45,475,705,4700
3669,15,60,54,96,150,121,99,79,86,70,42,43,30,14,16,182,159,1337
3670,3,37,17,49,62,44,46,43,42,42,27,15,5,6,10,50,75,571
3672,30,477,339,732,1095,1024,886,802,761,619,366,254,184,174,100,912,1592,10330
3673,15,87,64,120,168,148,123,112,114,115,71,47,27,37,28,182,284,1729
3675,8,103,72,110,126,116,131,140,136,133,95,59,40,50,16,146,318,1803
3677,60,739,588,1078,1615,1782,1362,1454,1402,1186,676,491,302,296,157,1662,3246,18101
3678,45,308,213,373,474,473,503,438,475,403,279,250,137,185,112,520,1174,6357
3682,3,22,19,25,42,39,31,46,44,38,31,13,12,14,8,76,135,616
3683,4,94,66,123,141,144,133,114,130,144,98,52,34,28,7,149,289,1760
3685,4,127,110,157,210,220,210,189,209,225,120,111,53,52,27,221,471,2718
3687,7,81,35,74,101,88,75,72,89,74,44,28,20,31,14,68,185,1098
3688,3,47,46,69,74,83,80,88,114,98,71,47,29,30,10,84,256,1237
3690,90,1722,1057,1987,2527,2430,2418,2407,2737,2438,1685,1081,723,728,267,2426,6791,33522
3694,0,0,0,0,0,0,0,21,18,7,8,7,4,0,0,20,0,92
3695,0,45,11,23,20,38,26,27,42,37,22,28,17,11,6,21,93,472
3697,3,36,25,38,60,56,42,39,41,31,30,23,8,19,3,37,87,575
3698,0,33,30,56,69,87,81,55,59,58,39,34,21,30,18,62,131,862
3699,0,45,41,62,97,104,95,80,91,83,42,20,18,23,12,117,195,1124
3700,4,63,43,86,108,154,103,108,96,91,59,39,30,21,6,88,224,1317
3701,12,51,52,77,93,87,101,56,73,73,46,21,19,22,20,100,185,1075
3704,0,3,0,0,0,0,4,0,0,6,0,0,0,0,0,0,0,20
3705,5,15,7,22,19,20,25,12,15,12,15,13,0,5,0,24,50,261
3708,0,4,0,9,7,5,7,3,4,0,6,3,0,0,0,6,6,58
3709,0,10,4,37,35,24,24,12,26,20,7,12,9,7,0,28,33,295
3711,0,22,13,30,46,44,54,35,38,32,18,15,12,13,4,58,73,493
3712,5,15,11,24,42,41,26,23,20,28,12,10,8,10,4,29,37,353
3713,8,42,27,58,162,124,90,94,61,42,34,15,4,13,4,151,98,1026
3714,17,178,90,201,412,375,292,242,265,227,115,81,72,70,37,319,515,3512
3715,3,11,8,28,25,33,23,17,15,18,9,5,3,5,8,37,39,308
3717,22,140,88,166,273,247,209,160,168,171,116,65,44,66,48,243,430,2654
3718,0,6,0,0,6,13,9,8,5,0,6,0,0,3,0,6,3,72
3719,5,19,8,19,41,43,33,31,33,24,10,15,10,4,10,27,41,371
3720,7,31,18,33,58,49,34,41,48,26,26,16,10,9,3,66,85,569
3722,16,196,169,259,401,453,424,387,383,350,197,159,102,110,48,384,965,5020
3723,19,248,81,199,262,236,214,196,167,197,126,75,47,68,46,336,483,3003
3725,5,36,17,52,53,45,30,50,54,30,20,24,5,17,8,75,112,631
3726,3,35,15,21,49,41,17,33,30,30,13,10,3,0,4,41,69,404
3727,0,25,11,26,28,26,21,16,24,16,8,4,0,0,0,45,45,305
3728,7,24,23,56,68,65,46,33,42,44,23,9,5,5,13,70,102,635
3730,26,371,272,552,942,866,709,605,571,514,310,219,151,136,83,981,1514,8831
3732,5,43,23,37,63,40,39,45,50,30,24,15,12,8,13,48,104,595
3733,0,14,0,13,15,28,18,14,15,14,8,13,5,0,3,20,45,219
3735,3,29,22,34,58,45,55,48,45,43,32,18,17,12,3,46,101,609
3737,15,215,163,286,503,410,347,326,315,270,159,121,61,73,33,363,642,4302
3738,0,7,14,19,31,12,14,13,20,11,7,4,3,0,0,16,36,222
3739,0,7,11,16,25,14,19,14,18,15,8,10,8,0,3,21,42,215
3740,4,38,39,64,103,83,87,76,91,65,48,30,16,18,9,102,188,1075
3741,18,98,125,168,280,289,272,244,242,196,112,86,47,59,38,369,466,3098
3744,3,26,14,27,27,38,46,40,32,26,21,12,7,8,5,27,91,453
3746,4,22,17,31,40,32,25,34,22,21,22,4,3,5,3,33,48,385
3747,14,186,137,254,386,427,340,322,322,289,202,163,116,118,54,552,750,4628
3749,0,103,83,89,128,177,116,153,125,137,99,71,68,65,33,94,339,1889
3750,41,846,229,442,394,357,460,624,702,701,483,322,178,183,49,566,2475,9060
3751,0,27,11,10,26,20,21,13,21,20,14,12,3,5,5,36,36,272
3752,105,2003,890,1225,1326,1226,1262,1482,1865,1884,1344,980,607,698,221,1189,5747,24057
3753,10,146,64,98,113,99,118,129,176,191,135,107,57,61,25,178,623,2328
3754,111,2692,1163,1546,1629,1600,1894,2245,2768,3037,2269,1728,1046,1245,391,1762,10629,37758
3755,0,15,12,15,19,30,20,12,15,17,16,10,5,9,3,24,31,251
3756,39,835,403,550,673,579,675,761,927,886,623,440,267,341,118,1011,2786,11926
3757,41,601,288,487,568,671,563,572,626,626,434,319,220,250,127,715,1859,8955
3758,3,179,83,116,92,139,125,159,154,161,131,65,60,70,32,136,474,2182
3759,0,77,52,49,60,59,52,55,65,85,73,47,35,58,40,82,176,1062
3760,4,21,25,13,14,22,28,16,30,37,19,28,14,19,5,18,62,372
3761,3,72,43,61,86,69,89,79,69,84,66,53,34,71,17,104,234,1230
3762,0,10,3,10,11,3,14,3,10,7,6,5,0,14,5,29,13,131
3763,8,111,67,113,95,90,88,106,107,130,63,51,35,41,15,124,286,1536
3764,50,696,330,445,698,646,503,536,639,597,401,341,235,278,112,791,1867,9161
3765,87,451,273,342,382,431,426,399,474,546,362,288,177,248,103,500,1271,6764
3766,5,70,51,69,71,69,88,65,89,103,58,81,32,65,22,62,243,1240
3767,3,78,67,68,75,88,83,68,91,85,69,52,42,61,34,84,211,1253
3770,16,200,123,186,205,194,215,227,256,259,160,119,79,89,60,211,616,3222
3775,21,237,150,216,241,237,250,245,308,299,191,150,103,128,84,257,753,3865
3777,29,612,348,628,884,988,775,737,808,681,467,359,216,283,142,810,1969,10753
3778,0,7,5,15,24,15,14,19,13,14,8,3,0,3,6,19,32,199
3779,0,23,17,37,34,37,46,25,29,29,10,16,8,8,0,43,38,394
3781,13,298,161,199,268,260,264,302,355,342,236,170,102,119,37,331,1009,4471
3782,15,575,356,386,466,490,535,512,470,563,408,317,238,335,155,526,1480,7824
3783,12,188,83,146,144,135,147,155,143,158,118,99,68,76,36,147,498,2350
3785,0,7,0,5,0,3,0,9,7,6,4,10,0,8,0,13,17,77
3786,4,111,79,80,69,94,87,86,84,83,80,76,63,89,48,103,268,1520
3787,0,76,35,57,66,64,59,62,65,69,48,55,35,60,40,77,192,1059
3788,6,110,75,93,93,110,100,127,111,132,80,61,61,98,55,105,318,1742
3789,0,17,13,16,21,16,16,12,13,23,15,12,12,11,15,14,37,265
3791,7,92,62,82,87,67,106,100,86,79,84,65,58,79,46,81,263,1440
3792,6,72,36,55,57,69,69,69,77,75,52,43,31,50,25,73,213,1064
3793,6,221,171,199,291,263,233,218,290,250,147,140,74,100,50,200,728,3575
3795,4,73,60,71,102,51,78,94,94,74,62,71,30,43,15,91,227,1249
3796,48,678,383,537,596,620,627,591,760,753,514,391,285,332,79,554,1946,9698
3797,15,218,108,219,397,320,239,254,226,222,127,94,51,64,42,264,612,3474
3799,31,387,168,412,531,592,454,390,433,383,197,117,73,62,31,505,1048,5800
3800,22,941,240,367,125,117,106,38,30,24,11,13,16,10,9,151,4,2211
3802,123,2452,1005,1642,1931,1433,1387,1633,1845,1765,1144,822,495,545,161,1469,4447,24292
3803,64,1066,419,879,921,803,644,729,831,821,397,256,120,141,49,590,2123,10856
3804,33,758,359,458,514,467,393,476,553,567,382,347,244,330,250,504,1449,8096
3805,296,5520,2463,3270,3354,3152,3199,3858,4387,4259,2684,1929,1189,1378,460,2698,12838,56937
3806,197,4204,1958,2327,2559,2574,2752,2783,3373,3586,2468,1975,1441,2106,1004,2311,10910,48521
3807,23,534,343,348,364,389,415,405,504,515,386,319,219,352,163,324,1491,7096
3808,5,224,111,126,125,142,168,166,194,223,145,164,107,155,103,223,646,3031
3809,25,507,226,316,303,255,359,439,616,698,511,356,255,232,90,317,1711,7212
3810,167,3289,1467,2438,3022,2919,2968,3266,3785,3702,2212,1583,895,1002,337,2871,11978,47892
3812,13,161,92,125,141,144,176,151,189,182,119,82,57,74,41,150,417,2310
3813,0,66,35,43,52,54,77,45,63,61,37,26,21,23,12,108,158,886
3814,12,170,84,117,148,132,153,154,152,140,115,76,48,61,20,187,480,2257
3815,6,192,123,153,212,244,211,179,191,187,144,120,68,95,41,234,631,3020
3816,11,175,80,164,237,186,190,209,198,167,125,74,34,40,23,223,582,2717
3818,82,837,484,892,1216,1183,1005,977,971,901,558,427,265,284,142,1138,2825,14170
3820,50,935,645,954,1258,1381,1181,1090,1118,1023,670,517,398,486,262,1078,2915,15952
3821,23,189,104,189,198,177,194,203,198,184,127,113,74,84,57,229,578,2918
3822,8,76,29,49,63,59,78,70,61,69,29,29,17,42,8,65,220,983
3823,16,96,76,111,176,136,128,135,136,118,85,57,48,49,32,125,313,1839
3824,16,284,178,296,380,384,336,339,315,318,200,158,116,168,78,440,989,5003
3825,59,1169,745,1591,2112,2008,1527,1263,1228,982,597,504,338,540,275,1951,3386,20282
3831,0,118,57,107,114,137,142,118,126,97,72,57,44,48,19,150,290,1701
3832,0,9,6,25,21,23,24,23,15,10,12,6,7,0,0,35,31,249
3833,4,18,15,22,40,38,22,18,17,13,7,12,0,3,6,38,34,304
3835,0,38,18,47,33,32,45,29,33,25,10,6,13,9,3,27,92,472
3840,67,953,550,1369,1624,1596,1233,1042,948,809,495,387,268,400,232,1682,2817,16478
3842,18,358,201,435,452,385,333,285,268,241,159,92,86,134,42,461,839,4784
3844,110,1705,1023,1567,2137,2097,1873,1768,1807,1839,1284,1058,844,1189,588,2431,5654,28981
3847,22,137,69,119,212,169,130,143,148,140,73,77,59,66,37,195,400,2191
3850,50,867,527,840,1158,1199,990,978,935,897,613,487,329,496,357,1213,2830,14782
3851,37,291,176,362,488,460,324,261,276,271,172,128,78,126,119,1293,821,5689
3852,0,3,0,0,0,0,0,8,14,17,14,4,0,0,0,3,4,92
3854,13,84,51,82,91,79,89,87,98,95,45,55,39,77,38,62,311,1400
3856,0,84,36,57,53,64,62,57,52,67,50,40,26,37,28,58,222,992
3857,0,26,17,16,32,23,26,18,31,26,13,13,15,9,5,25,64,368
3858,15,179,91,201,276,302,242,192,212,174,108,74,48,46,53,243,573,3026
3859,5,53,38,52,72,52,70,55,54,60,28,19,15,16,23,68,157,834
3860,20,421,242,446,624,605,521,500,487,482,291,189,161,165,103,582,1339,7171
3862,17,211,125,183,264,227,220,217,214,225,126,85,74,67,41,258,602,3157
3864,4,15,15,17,10,18,19,15,14,15,10,3,4,0,7,14,37,218
3865,0,13,12,26,50,42,33,35,44,28,20,14,4,8,3,34,75,445
3869,9,107,73,110,104,110,115,109,116,75,69,46,46,82,38,107,304,1624
3870,4,89,54,107,140,96,95,80,82,62,44,60,29,30,21,89,197,1265
3871,15,192,100,218,280,246,222,157,174,151,105,82,61,66,39,272,517,2904
3873,0,27,14,26,25,21,23,19,11,19,13,9,8,13,7,23,58,323
3874,4,40,29,57,60,54,35,37,48,23,17,11,6,17,13,45,69,558
3875,67,830,590,1214,1673,1671,1513,1444,1338,1176,643,480,240,286,188,1962,3312,18625
3878,5,42,48,75,122,109,107,85,76,66,43,35,18,26,17,87,137,1098
3880,22,189,139,301,572,506,375,314,237,221,120,81,48,57,54,381,443,4037
3882,9,57,40,89,136,109,90,76,54,85,47,29,25,19,5,67,170,1094
3885,5,124,75,133,204,172,120,146,142,94,71,49,25,21,8,154,322,1868
3886,5,23,15,27,46,33,29,21,27,20,11,7,5,9,0,25,83,395
3887,0,22,25,34,47,31,25,28,20,8,6,6,3,0,3,28,46,342
3888,28,156,134,279,411,405,286,213,169,168,85,73,49,44,27,333,572,3421
3889,0,10,7,27,28,26,7,9,8,5,0,0,0,0,0,29,25,179
3890,4,21,3,55,24,28,23,18,13,14,9,4,9,4,0,48,51,324
3891,0,6,4,15,16,15,8,6,8,6,5,0,0,0,3,15,0,104
3892,5,45,33,85,161,128,84,77,71,66,31,16,11,27,5,83,130,1060
3893,0,0,0,0,0,0,8,0,0,0,0,0,0,0,0,0,0,22
3895,0,8,7,17,18,22,20,12,13,10,3,12,3,7,0,17,27,194
3896,0,12,13,22,45,33,34,27,21,30,15,8,4,13,0,51,73,405
3898,6,37,19,49,78,59,44,52,53,48,18,17,11,17,8,121,150,790
3900,0,7,11,12,15,16,16,8,9,5,3,4,0,3,0,14,22,151
3902,0,16,10,30,72,36,29,40,31,15,11,10,8,6,3,27,62,412
3903,14,27,23,44,93,91,65,42,52,37,22,6,17,13,10,86,115,746
3904,3,84,46,112,165,116,133,106,87,110,58,35,25,26,26,118,186,1452
3909,32,393,283,640,899,810,698,522,501,436,198,159,90,105,71,899,1175,7901
3910,71,1388,874,1181,1362,1372,1477,1535,1840,1865,1306,1006,666,703,236,1284,4412,22587
3911,11,230,128,191,243,232,242,213,282,264,172,133,72,96,57,246,591,3413
3912,57,1007,559,763,1009,1130,1112,1081,1136,1150,809,592,374,426,152,965,2835,15154
3913,9,242,111,167,229,247,209,243,264,261,196,133,89,84,68,188,587,3337
3915,39,536,303,656,975,960,781,694,727,610,336,250,150,165,87,807,1882,9960
3916,3,52,26,41,34,53,68,56,57,80,50,34,36,48,55,126,128,952
3918,11,240,149,176,284,234,245,240,282,259,179,168,109,85,42,275,730,3704
3919,10,195,120,235,243,250,235,236,240,238,127,77,63,54,14,202,650,3182
3920,0,16,12,6,10,7,44,348,252,107,63,33,27,10,4,27,71,1037
3921,4,0,5,10,22,23,8,3,3,0,0,3,0,0,3,8,20,114
3922,40,355,253,514,840,832,687,594,527,429,209,177,135,126,74,699,1238,7740
3923,0,25,16,36,67,46,75,37,31,35,18,12,5,7,10,34,61,516
3925,14,176,104,226,284,321,282,219,236,221,146,127,66,76,41,238,599,3377
3926,4,173,129,143,188,220,248,197,226,232,172,139,93,134,117,264,568,3240
3927,4,85,61,89,111,98,135,104,92,103,78,76,66,78,62,152,270,1671
3928,0,36,21,19,14,27,36,29,15,30,18,9,12,17,36,33,60,413
3929,13,47,26,34,44,58,63,62,75,54,43,40,34,50,73,75,120,906
3930,62,1365,876,807,861,906,1080,894,960,1005,868,812,618,1038,1070,889,3778,17889
3931,69,1414,780,1294,1923,2115,1897,1645,1694,1640,1111,865,631,825,471,1787,3830,23991
3933,8,75,55,53,60,65,69,64,67,82,51,35,36,40,56,109,178,1101
3934,58,1173,722,782,1056,1146,1220,1166,1102,1218,919,816,669,878,597,1059,3976,18547
3936,37,626,414,685,997,943,859,816,751,741,487,403,270,312,178,919,1595,11024
3937,5,91,54,83,71,86,119,86,105,88,73,63,48,87,71,129,259,1519
3938,13,140,91,148,273,253,258,218,205,183,123,121,73,93,54,205,391,2820
3939,64,730,445,932,1573,1634,1337,1012,956,884,534,371,227,260,146,1218,2218,14522
3940,14,216,141,334,626,630,472,332,333,255,144,86,43,38,37,635,597,4930
3941,32,647,434,773,1109,1135,945,821,868,754,491,345,245,258,125,1048,2125,12174
3942,4,118,83,136,200,207,190,168,178,140,115,71,54,66,64,254,267,2317
3943,10,86,52,94,134,113,146,116,116,95,64,56,46,75,101,171,112,1593
3944,0,31,15,16,25,18,27,27,35,48,25,21,18,25,99,49,33,510
3945,3,60,29,60,90,86,69,72,64,84,35,33,15,37,19,62,169,976
3946,0,5,3,12,30,24,13,13,15,10,12,3,3,4,5,25,35,216
3950,13,243,187,352,477,478,368,363,311,267,147,156,78,79,41,349,887,4798
3951,7,60,51,82,75,79,82,64,57,56,46,21,17,19,9,85,200,1005
3953,50,394,306,432,649,665,600,524,551,494,343,226,156,191,96,628,1575,7859
3954,0,27,26,26,22,29,27,37,27,28,17,15,9,22,0,15,76,404
3956,9,154,85,210,300,241,222,174,179,137,82,63,46,44,37,426,424,2818
3957,3,16,6,18,15,18,24,20,23,17,15,11,0,5,0,20,58,279
3958,3,18,9,12,24,13,22,10,20,24,16,12,0,7,0,29,51,272
3959,4,58,39,91,78,98,106,83,65,82,41,28,16,16,16,98,227,1153
3960,16,115,75,186,288,297,179,161,146,139,95,51,43,57,24,267,341,2477
3962,6,40,31,72,103,122,85,68,56,52,21,19,9,11,16,82,127,913
3964,0,7,0,12,20,12,14,8,9,8,5,0,0,3,3,7,15,133
3965,6,13,4,23,24,25,20,16,12,9,7,5,5,0,0,30,12,208
3966,8,26,23,43,65,49,32,42,45,39,15,3,4,9,10,36,70,510
3967,0,4,8,13,13,13,9,8,5,5,0,8,3,5,0,10,19,127
3971,21,226,159,305,475,436,328,279,256,225,118,90,41,65,49,392,568,4017
3975,74,1503,474,682,588,589,711,958,1155,1208,810,599,379,429,120,863,4107,15246
3976,232,2751,964,1681,1561,1420,1556,1963,2174,1750,904,537,260,214,82,1716,5758,25532
3977,424,7585,3039,4544,5080,4856,5428,6659,7697,7339,4541,3112,1909,2061,708,5650,22701,93322
3978,43,810,267,404,429,410,500,716,914,939,661,485,276,319,114,554,2806,10648
3979,0,22,12,17,19,16,22,34,22,27,11,6,0,6,0,22,79,315
3980,7,198,85,186,207,219,252,220,268,277,156,131,59,80,28,260,699,3350
3981,24,298,167,292,330,314,300,375,384,361,217,131,82,102,41,472,1016,4901
3984,26,297,156,380,571,561,424,364,368,293,156,119,82,78,47,476,817,5212
3987,8,106,66,101,117,87,105,93,94,120,58,40,34,27,25,121,333,1527
3988,9,67,37,69,65,87,60,82,73,74,30,32,18,22,12,71,188,1001
3990,0,7,0,8,15,4,11,9,4,4,13,3,6,5,0,8,10,110
3991,4,24,16,33,58,33,23,21,13,21,8,9,4,5,5,39,43,357
3992,4,57,30,77,80,75,84,73,62,66,27,27,7,13,18,64,184,966
3995,39,459,361,785,1190,1127,875,765,612,522,265,208,102,107,88,980,1685,10171
3996,19,248,200,376,572,487,489,383,337,301,212,177,110,165,107,444,923,5541
Total,26977,466242,217625,347891,404629,389203,359143,364353,402500,405411,277055,226043,152564,220231,143580,420266,1076558,5900280
