,Suburb,Longitude,Latitude,Closest Shopping Mall,Distance to Shopping Mall,Closest Museum,Distance to Museum,Closest Zoo,Distance to Zoo
0,abbotsford,144.9997975,-37.80470437,The Hive Shopping Centre,0.6594793888360267,National Sports Museum,2.0691140739276284,,
1,aberfeldie,144.8974251,-37.75963614,Highpoint Shopping Centre,1.6745817904776097,Victorian Archives Centre,5.693424761935924,Melbourne Zoo,5.589665557098809
2,airport west,144.8813368,-37.72386202,Westfield Airport West,1.1492604274520162,,,,
3,albanvale,144.76854450000002,-37.74610564,Brimbank Shopping Centre,0.8885747890211775,,,,
4,albert park,144.9631929,-37.84475295,Albert Park Village,1.2389012546052223,National Herbarium,1.9996133765706097,,
5,albion,144.8160456,-37.77635579,Sunshine Marketplace,1.3065052946651086,,,,
6,alphington,145.03087490000001,-37.78037851,Fairfield Village,1.1438896719357419,Melbourne Museum,5.8092282867557445,,
7,altona,144.8130541,-37.86008247,Central Square Shopping Centre,3.6666784985326544,Seaworks,8.289092209205874,,
8,altona meadows,144.7844703,-37.88098251,Central Square Shopping Centre,1.1676791926837475,,,,
9,altona north,144.8346696,-37.83796498,Borrack Square,1.0732439504445492,Seaworks,6.972854075502125,,
10,ardeer,144.8014429,-37.77592513,Glengala Village,2.0566520238280694,,,,
11,armadale,145.0206772,-37.85675267,Glenferrie Rd,0.767722078628212,National Herbarium,4.797263305066279,,
12,arthurs creek,145.20689119999997,-37.564443,Laurimar Town Centre,7.721809327392646,,,,
13,arthurs seat,144.95969240000002,-38.36314667,Dromana Hub Shopping Centre,3.319906363641879,,,,
14,ascot vale,144.9136966,-37.77699959,Showgrounds Village,0.5847660661379792,Melbourne Mint,5.414062503099926,Melbourne Zoo,3.5258917494020636
15,ashbourne,144.43756240000002,-37.41041318,,,,,,
16,ashburton,145.08072180000002,-37.86738192,Homeplus Homemaker Centre,1.5227291981640574,,,,
17,ashwood,145.10230430000001,-37.86671234,Homeplus Homemaker Centre,1.477070062750017,,,,
18,aspendale,145.1023414,-38.02188089,Parkdale Plaza,3.16029794572586,Australian National Aviation Museum,5.166751685252443,,
19,aspendale gardens,145.1198511,-38.02215233,Chelsea Beach Arcade,3.4728365534539676,Australian National Aviation Museum,5.669540571061735,,
20,attwood,144.8848529,-37.66701377,Gladstone Park Shopping Centre,2.3441111697908785,,,,
21,avondale heights,144.8626195,-37.76160848,Braybrook Shopping Centre,2.2976622870407497,Victorian Archives Centre,8.025450352716243,Melbourne Zoo,8.323996452562854
22,avonsleigh,145.4847445,-37.91165035,,,,,,
23,bacchus marsh,144.4310256,-37.67221427,Bacchus Marsh Village Shopping Centre,0.8309051797030333,,,,
24,badger creek,145.5332593,-37.705170200000005,Healesville Walk Shopping Centre,5.930081649653962,,,Healesville Sanctuary,2.568863872213712
25,balaclava,144.9947273,-37.87031904,Acland Court,1.250201992668876,National Herbarium,4.667119949192403,,
26,balliang,144.3322585,-37.85096176,,,,,,
27,balnarring,145.13387969999997,-38.35720252,,,,,,
28,balnarring beach,145.11600019999997,-38.39519836,,,,,,
29,balwyn,145.0833455,-37.8091762,Balwyn East Shops,1.737526292772525,,,,
30,balwyn north,145.08421040000002,-37.7919652,Greythorn Village,1.1694241969575234,,,,
31,bangholme,145.1904509,-38.05212191,Australia Post BC,4.572749258021385,,,,
32,baxter,145.15691280000001,-38.20087974,Centro Somerville,2.8524302619196873,,,Moonlit Sanctuary,8.334727631037826
33,bayles,145.5806247,-38.17606026,,,,,,
34,bayswater,145.26474069999998,-37.84541361,Mountain High Centre,0.3786297854896741,,,Chesterfield Farm,7.982788463042417
35,bayswater north,145.28370180000002,-37.82694229,Eastfield Shopping Centre,2.1782598110508835,,,,
36,beaconsfield,145.3831227,-38.04033614,Berwick Marketplace,3.385977682172659,,,,
37,beaconsfield upper,145.4237761,-37.99808852,Berwick Marketplace,7.590144660476969,,,,
38,beaumaris,145.03891380000002,-37.98220978,The Beaumaris Concourse,0.6085740142795992,Australian National Aviation Museum,4.71976557745559,,
39,belgrave,145.3552378,-37.91206763,Ferntree Plaza,4.569438777341126,,,,
40,belgrave heights,145.3469026,-37.92644898,Ferntree Plaza,4.933614614694696,,,,
41,belgrave south,145.35732959999999,-37.9424184,Ferntree Plaza,6.875222539941919,,,,
42,bellfield,145.03850649999998,-37.75309127,The Mall Shopping Centre,0.5279731784831042,Melbourne Museum,8.119573036254357,Melbourne Zoo,8.33551287754707
43,bend of islands,145.28362769999998,-37.69802641,Chirnside Park Shopping Centre,7.105443017600243,,,,
44,bentleigh,145.0380733,-37.92244334,Highett Road Shops,2.9829732597511014,Australian National Aviation Museum,7.610663233048125,,
45,bentleigh east,145.0666708,-37.92211037,The Links,1.4633442428209322,Australian National Aviation Museum,6.3893892581503104,,
46,berwick,145.34811440000001,-38.04035108,Berwick Village,0.9202865962024938,,,,
47,beveridge,145.01338230000002,-37.47983293,Wellington Square Shopping Centre,8.163093433478616,,,,
48,bittern,145.1778583,-38.33740839,,,,,,
49,black rock,145.0229273,-37.970517,The Beaumaris Concourse,1.9334957188394737,Australian National Aviation Museum,6.105891642600047,,
50,blackburn,145.1522675,-37.82170489,North Blackburn Shopping Centre,1.0772831918284753,,,,
51,blackburn north,145.1542685,-37.80537507,North Blackburn Shopping Centre,0.746002709626193,,,,
52,blackburn south,145.14651980000002,-37.83937097,Burwood One Shopping Centre,1.5457803005408137,,,Chesterfield Farm,9.110404487277075
53,blairgowrie,144.7722206,-38.36871970000001,Sorrento Village,4.230422373514459,,,,
54,blind bight,145.3377059,-38.21424714,,,Crystal World,6.57655399129729,Moonlit Sanctuary,7.591969104795405
55,bonbeach,145.12751210000002,-38.06316018,Chelsea Beach Arcade,1.475009719544047,,,,
56,boneo,144.9043916,-38.43123904,Rosebud Plaza,7.888275459811489,,,,
57,boronia,145.2859284,-37.85631765,Boronia Mall,0.5056634529660796,,,Chesterfield Farm,8.403875184568353
58,botanic ridge,145.26841430000002,-38.13920514,Cranbourne Park Shopping Centre,3.5468274200835546,,,Moonlit Sanctuary,8.191030788652608
59,box hill,145.1261178,-37.82152715,Box Hill Central,0.4791797914455139,,,,
60,box hill north,145.1295707,-37.80563252,Kerrimuir Shops,1.0158520219559635,,,,
61,box hill south,145.1233062,-37.83661171,Burwood Brickworks Shopping Centre,1.6177058067217267,,,,
62,braeside,145.11740769999997,-38.01230799,Parkdale Plaza,3.3653522934934164,Australian National Aviation Museum,4.5992738153829,,
63,braybrook,144.8548475,-37.78667946,Central West Shopping Centre,0.9316676029593767,Victorian Archives Centre,7.7926646929200185,Melbourne Zoo,8.612643744274175
64,briar hill,145.1210081,-37.70617353,Greensborough Plaza,1.6802198514513826,,,,
65,brighton,144.99581909999998,-37.90821741,Dendy Plaza,0.5887565691954877,National Herbarium,8.766753627543997,,
66,brighton east,145.0164216,-37.91721217,Dendy Plaza,2.0990752538838677,Australian National Aviation Museum,9.319645755429404,,
67,broadmeadows,144.9324214,-37.68329581,Olsen Place Shopping Centre,0.8558442966903026,,,,
68,brookfield,144.5405175,-37.69938654,Woodgrove Shopping Centre,2.542334532095225,,,,
69,brooklyn,144.8415313,-37.8160825,Altona Gate Shopping Centre,1.4094625364388156,Seaworks,7.8008652901052375,,
70,brunswick,144.96127380000001,-37.7664412,Barkly Square Shopping Centre,1.0277786800746056,Melbourne Museum,4.212930653383303,Melbourne Zoo,2.147729861736959
71,brunswick east,144.97770219999998,-37.76887935,Barkly Square Shopping Centre,1.5730214292973579,Melbourne Museum,3.877308612265551,Melbourne Zoo,2.8126118593546603
72,brunswick west,144.94256289999998,-37.76331698,Union Square Shopping Centre,1.153027566383962,Melbourne Museum,5.144320528839585,Melbourne Zoo,2.5135256448536882
73,bulla,144.7910215,-37.63526552,Watergardens Shopping Center,7.217542577796948,,,,
74,bulleen,145.0871969,-37.7689391,Bulleen Plaza,0.66422236923591,,,,
75,bullengarook,144.4964113,-37.476389000000005,The Village Gisborne,8.282837580994267,,,,
76,bundoora,145.0596722,-37.69830292,Bundoora Square,0.18610014369536743,,,,
77,burnley,145.01736359999998,-37.82959784,Trak Centre,1.4547977128419067,National Sports Museum,3.1394662908556974,,
78,burnside,144.75299669999998,-37.74941781,Burnside Hub Shopping Centre,1.0700655066367888,,,,
79,burnside heights,144.75554780000002,-37.73246194,Watervale Shopping Centre,1.0671861265935558,,,,
80,burwood,145.1113815,-37.84955131,Burwood Village,1.530696691428143,,,,
81,burwood east,145.150426,-37.85360796,Burwood One Shopping Centre,0.09655877708526427,,,Chesterfield Farm,7.69491903119312
82,cairnlea,144.7878556,-37.75931183,Cairnlea Town Centre,0.22626196624351325,,,,
83,calder park,144.76112849999998,-37.67626449,Watergardens Shopping Center,2.868961864771713,,,,
84,camberwell,145.074021,-37.83844443,Maling Rd Shopping Village,1.6369887751776095,National Sports Museum,8.185091153129914,,
85,campbellfield,144.9595282,-37.66416091,Campbellfield Plaza,2.7233623503384337,,,,
86,cannons creek,145.31122299999998,-38.21141603,,,,,Moonlit Sanctuary,5.267671221385653
87,canterbury,145.075725,-37.8242982,Maling Rd Shopping Village,0.4906336337821253,,,,
88,cape schanck,144.8908892,-38.46660994,,,,,,
89,cardinia,145.42026030000002,-38.12494385,Lakeside Square,6.047615356488287,,,,
90,carlsruhe,144.5275384,-37.27213625,,,,,,
91,carlton,144.9683986,-37.80042084,Lygon Court,0.26437201499612684,Melbourne Museum,0.4473184232425748,Melbourne Zoo,2.2483677494908876
92,carlton north,144.9684834,-37.78660249,The Hive,1.2747645578985922,Melbourne Museum,1.8951717911749508,Melbourne Zoo,1.4195413797047187
93,carnegie,145.05589740000002,-37.89337797,Carnegie Central Shopping Centre,1.0085053207518093,,,,
94,caroline springs,144.7371786,-37.7346079,Caroline Centre Central,0.45645898730880125,,,,
95,carrum,145.12796409999999,-38.07678058,Chelsea Beach Arcade,2.8013462138609144,,,,
96,carrum downs,145.17581059999998,-38.09279941,Carrum Downs Regional Shopping Centre,1.3071106563016328,,,,
97,castella,145.41852619999997,-37.52140952,,,Steels Creek Community Hall,8.684961183988975,,
98,catani,145.65187949999998,-38.19460778,,,,,,
99,caulfield,145.0263306,-37.88405501,Caulfield Plaza,1.67465834999851,National Herbarium,7.336463213099098,,
100,caulfield east,145.0419658,-37.88130137,Caulfield Plaza,0.5530628729440992,National Herbarium,8.004154021158648,,
101,caulfield north,145.02158290000003,-37.87204613,Malvern Central,1.1292046114235372,National Herbarium,6.029680212965947,,
102,caulfield south,145.0249225,-37.89466808,Caulfield Plaza,2.564781115329343,National Herbarium,8.254028022572772,,
103,chadstone,145.1000823,-37.88234746,Homeplus Homemaker Centre,0.8626936380144268,,,,
104,chelsea,145.1213299,-38.049758399999995,Chelsea Beach Arcade,0.5962089691960031,Australian National Aviation Museum,8.575730374318308,,
105,chelsea heights,145.13422260000002,-38.04090061,Chelsea Beach Arcade,2.0953351454820526,Australian National Aviation Museum,8.094688277260861,,
106,cheltenham,145.06155049999998,-37.96342158,Westfield Southland,0.9036372119445031,Australian National Aviation Museum,3.0256175419237916,,
107,chirnside park,145.3143038,-37.73858041,Chirnside Park Shopping Centre,2.1317919754315118,,,,
108,christmas hills,145.313703,-37.65824619,,,,,,
109,chum creek,145.4874083,-37.60515904,Healesville Walk Shopping Centre,5.976594435235559,,,Healesville Sanctuary,9.381622183736749
110,clarinda,145.10599119999998,-37.94309598,Clarinda Shopping Centre,0.32922212451154526,Australian National Aviation Museum,3.8567402815625083,,
111,clarkefield,144.7937733,-37.46927982,,,,,,
112,clayton,145.13037880000002,-37.91730995,Clayton Shopping Centre,0.5437002175683205,Australian National Aviation Museum,7.337898300134094,Chesterfield Farm,7.270652038466603
113,clayton south,145.1252352,-37.94309534,Clarinda Shopping Centre,1.923174676210871,Australian National Aviation Museum,4.676940125665177,Chesterfield Farm,8.744077015363171
114,clematis,145.41760580000002,-37.9340866,,,,,,
115,clifton hill,144.9975054,-37.79045917,The Hive,1.9771084088111641,Melbourne Museum,2.693950442957291,Melbourne Zoo,4.011505893721642
116,clyde,145.3549685,-38.14904438,Shopping on Clyde,4.5598200445522465,,,,
117,coburg,144.96417350000002,-37.74487967,Foley's Mall,0.2559566125409248,Melbourne Museum,6.538502236524828,Melbourne Zoo,4.516748287693536
118,coburg north,144.9674938,-37.72700611,Lincoln Mills Homemaker Centre,0.934641685827362,Victorian Archives Centre,8.014313835070881,Melbourne Zoo,6.517420718662421
119,cockatoo,145.5127766,-37.92987924,,,,,,
120,cocoroc,144.62146950000002,-37.9686425,Manjina plaza,8.278213491056512,B24 Liberator,6.829085092311115,Werribee Open Range Zoo,6.52270914054454
121,coimadai,144.4866571,-37.59096428,,,,,,
122,coldstream,145.3964784,-37.69860531,Yarra Valley Shopping Centre,7.4585000889907525,,,,
123,collingwood,144.9881228,-37.80208387,The Hive Shopping Centre,1.0857333267272589,Melbourne Museum,1.4549413659596022,,
124,coolaroo,144.9345697,-37.65675531,Centro Meadow Heights,1.3263379741051229,,,,
125,cottles bridge,145.2231859,-37.60709620000001,Diamond Creek Shopping Station,9.30941727515498,,,,
126,craigieburn,144.94016530000002,-37.57273497,Stockland Highlands Shopping Centre,1.8454287246393926,,,,
127,cranbourne,145.27568,-38.10686101,Cranbourne Park Shopping Centre,0.6184159226350397,,,,
128,cranbourne east,145.3422291,-38.10445718,Shopping on Clyde,2.532631179462264,,,,
129,cranbourne north,145.2988136,-38.07747037,Casey Central,1.2171026220624723,,,,
130,cranbourne south,145.2531497,-38.15676939,Langwarrin Plaza,4.308673201953546,,,Moonlit Sanctuary,6.102007528382798
131,cranbourne west,145.24839680000002,-38.10174456,Marriot Waters Shopping Centre,2.679765619040142,,,,
132,cremorne,144.9927935,-37.82907233,Como Centre,1.1872453338658924,National Sports Museum,1.3589513492388654,,
133,crib point,145.2028955,-38.35235496,,,,,,
134,croydon,145.28443869999998,-37.79517002,Croydon Shopping Centre,0.42584548625944624,,,,
135,croydon hills,145.2671004,-37.77592624,McAdam Square Shopping Centre,0.8545464403401425,,,,
136,croydon north,145.2839111,-37.77185475,McAdam Square Shopping Centre,1.8640546735659056,,,,
137,croydon south,145.2736324,-37.81499099,Eastfield Shopping Centre,0.6396368499241389,,,,
138,dales creek,144.3029432,-37.52186707,,,,,,
139,dallas,144.93541509999997,-37.67080621,Dallas Shopping Centre,0.4847948477551876,,,,
140,dandenong,145.2122138,-37.98467956,Dandenong Plaza,0.5997400844603152,,,Chesterfield Farm,9.014056539171413
141,dandenong north,145.214376,-37.95584645,Waverley Gardens Shopping Centre,3.1057313048181663,,,Chesterfield Farm,5.819990153999859
142,dandenong south,145.218859,-38.020703999999995,Australia Post BC,1.1145733063535355,,,,
143,darley,144.40332519999998,-37.64684451,Bacchus Marsh Village Shopping Centre,4.50244429300881,,,,
144,darraweit guim,144.86973799999998,-37.42249403,Wellington Square Shopping Centre,9.713476161948018,,,,
145,deepdene,145.06640869999998,-37.81210294,Maling Rd Shopping Village,1.9267267880458694,National Sports Museum,7.258303534212742,,
146,deer park,144.77128369999997,-37.76866744,Derrimut Village Shopping Centre,1.658528536220931,,,,
147,delahey,144.7772709,-37.719793599999996,Delahey Village,0.7876534236906881,,,,
148,derrimut,144.7760721,-37.79877919,Glengala Village,1.4083969486101358,,,,
149,devon meadows,145.31542549999998,-38.19137841,Shopping on Clyde,8.065037770603722,,,Moonlit Sanctuary,6.071750228419958
150,dewhurst,145.46691819999998,-37.98007193,Lakeside Shopping Centre,9.32986029440017,,,,
151,diamond creek,145.1586468,-37.6669378,Diamond Creek Shopping Station,0.7805619535501869,,,,
152,diggers rest,144.6976281,-37.62077733,Sunbury Square Shopping Centre,5.578984784431722,,,,
153,dingley village,145.1244427,-37.98771711,Direct Factory Outlets (DFO),3.6783425813407513,Australian National Aviation Museum,3.1253397526884568,,
154,dixons creek,145.42815430000002,-37.5868968,,,Steels Creek Community Hall,4.876997734940455,,
155,docklands,144.9402603,-37.81808533,Waterfront City,0.5925998100144498,Fox Classic Car Collection,0.8078695001065801,,
156,don valley,145.59226730000003,-37.73633322,Woori Yallock Shopping Centre,7.2537620468712705,,,Healesville Sanctuary,8.060811383044987
157,doncaster,145.12390019999998,-37.78488759,Westfield Doncaster,0.21750987042253236,,,,
158,doncaster east,145.1639358,-37.77889275,Tunstall Square,1.522109113751059,,,,
159,donvale,145.1914194,-37.78979355,Tunstall Square,1.7248428667607405,,,,
160,doreen,145.1431232,-37.59689133,Diamond Creek Shopping Station,8.672468307335638,,,,
161,doveton,145.2382628,-37.98896076,Autumn Place,0.6395512975678682,,,Chesterfield Farm,9.782609991416292
162,dromana,145.01032659999998,-38.33197437,Dromana Hub Shopping Centre,3.9678703344316624,,,,
163,eaglemont,145.0636743,-37.76376262,Warringal Shopping Centre,0.9769845969398259,Melbourne Museum,9.22421633037354,,
164,east melbourne,144.9819005,-37.81285604,Collins Place,0.8371504594168855,National Sports Museum,0.6949489891300396,,
165,east warburton,145.7940488,-37.76400141,,,,,,
166,eden park,145.07168159999998,-37.4976859,,,,,,
167,edithvale,145.1148991,-38.03756035,Chelsea Beach Arcade,1.7519476641842846,Australian National Aviation Museum,7.116063111603768,,
168,elsternwick,145.0070035,-37.88583997,Elwood Village,1.675739914451593,National Herbarium,6.664812783445347,,
169,eltham,145.15935890000003,-37.71771316,Eltham village,0.9611192260717084,,,,
170,eltham north,145.1424324,-37.69773854,St. Helena Market Place,1.5098803942811532,,,,
171,elwood,144.9855043,-37.88095098,Elwood Village,0.5609760641179813,National Herbarium,5.633870766100803,,
172,emerald,145.4364724,-37.94606076,,,,,,
173,endeavour hills,145.2560668,-37.96977772,Endeavour Hills Shopping Centre,0.8724363641227978,,,Chesterfield Farm,8.350185848004676
174,epping,145.0264519,-37.63907386,Greenbrook Shopping Centre,1.4674071627519136,,,,
175,essendon,144.9109678,-37.74983074,North Essendon Village,0.4942760628448859,Victorian Archives Centre,5.868909267670945,Melbourne Zoo,5.31688703289523
176,essendon fields,144.9004307,-37.72690516,Essendon Fields,0.40487951283218077,,,Melbourne Zoo,7.874976878447565
177,essendon north,144.90116830000002,-37.73839573,Niddrie Central,0.748387053210983,Victorian Archives Centre,7.397361133504573,Melbourne Zoo,6.8362350378462455
178,essendon west,144.8851548,-37.75403988,Niddrie Central,1.9527496165486804,Victorian Archives Centre,6.900849395123584,Melbourne Zoo,6.836644562399543
179,eumemmerring,145.2482726,-37.99779901,Autumn Place,0.893200919023974,,,,
180,eynesbury,144.53094099999998,-37.75508942,Woodgrove Shopping Centre,8.16950337494886,,,,
181,fairfield,145.0158219,-37.78449129,Fairfield Village,0.7769857985789445,Melbourne Museum,4.421437699646958,Melbourne Zoo,5.57061557119957
182,fawkner,144.96960090000002,-37.7051877,Campbellfield Plaza,2.0466330767773635,,,Melbourne Zoo,8.932072641488181
183,ferntree gully,145.2804945,-37.88427327,Mountain Gate Shopping Centre,0.5146438451046423,,,Chesterfield Farm,6.4575932858262295
184,ferny creek,145.3350881,-37.875214299999996,Ferntree Plaza,3.1312884880831313,,,,
185,fingal,144.8499448,-38.41400162,Rosebud Plaza,6.929431388358003,,,,
186,fitzroy,144.97913269999998,-37.80100966,The Hive,0.582226390139141,Melbourne Museum,0.7102011462317116,,
187,fitzroy north,144.9843175,-37.7840578,The Hive,1.5293205389918645,Melbourne Museum,2.4260196086598285,Melbourne Zoo,2.7959074516790334
188,flemington,144.9193935,-37.78673154,Showgrounds Village,0.6330585129193641,Melbourne Mint,4.315761547972234,Melbourne Zoo,2.9338930717175926
189,flinders,144.97827709999999,-38.45837683,,,,,,
190,footscray,144.8973521,-37.7981502,Footscray Plaza,0.31327112015570346,Fox Classic Car Collection,5.184462309544645,Melbourne Zoo,5.094604237283943
191,forest hill,145.1710457,-37.83987942,Forest Hill Chase,0.7184033279042632,,,Chesterfield Farm,7.892928871539768
192,frankston,145.14567399999999,-38.14813777,Beach St Shops,0.09197967615684553,,,,
193,frankston north,145.163835,-38.123921100000004,Carrum Downs Regional Shopping Centre,3.02019622311269,,,,
194,frankston south,145.12945249999999,-38.17642154,Beach St Shops,3.459211919811261,,,,
195,gardenvale,145.00906,-37.89810599,Dendy Plaza,2.1733379415295775,National Herbarium,7.996409814330567,,
196,gembrook,145.63359509999998,-37.9452765,,,,,,
197,gisborne,144.5689648,-37.51122597,The Village Gisborne,3.26307072069716,,,,
198,gisborne south,144.6242544,-37.54876158,The Village Gisborne,7.561521864777259,,,,
199,gladstone park,144.8945003,-37.68991136,Gladstone Park Shopping Centre,0.8837064876963258,,,,
200,gladysdale,145.6424635,-37.8390244,Yarra Junction Shopping Centre,6.8855357605134255,,,,
201,glen huntly,145.04134019999998,-37.89237316,Carnegie Central Shopping Centre,1.7349196014839592,National Herbarium,8.8755645663873,,
202,glen iris,145.06459919999998,-37.85579314,Stockland Tooronga,1.9777916538367313,National Sports Museum,8.166570972050335,,
203,glen waverley,145.1681804,-37.88161401,Century City Walk,0.2971898157618949,,,Chesterfield Farm,4.494361702461921
204,glenroy,144.927355,-37.70284754,Olsen Place Shopping Centre,1.46015920127403,,,Melbourne Zoo,9.333706929019597
205,goldie,144.82162759999997,-37.30805083,,,,,,
206,gowanbrae,144.8974111,-37.70297493,Westfield Airport West,1.610223949574081,,,,
207,greendale,144.29625719999999,-37.56401933,,,,,,
208,greensborough,145.10733000000002,-37.69880969,Greensborough Plaza,0.6452677762234796,,,,
209,greenvale,144.87326159999998,-37.64632419,Greenvale Shopping Centre,1.0636793345431363,,,,
210,gruyere,145.4654998,-37.73011495,Wandin North,4.983454160231179,,,Healesville Sanctuary,7.894678082070205
211,guys hill,145.39060769999998,-38.01425974,Berwick Marketplace,4.18542302405169,,,,
212,hadfield,144.9502945,-37.71013803,Sussex St Shops,1.3133247698227606,,,Melbourne Zoo,8.258267302452195
213,hallam,145.2686404,-38.00716982,Spring Square Shopping Centre,0.3587633214571956,,,,
214,hampton,145.00911059999999,-37.93740009,Hampton Village,0.5873883024230847,Australian National Aviation Museum,8.458970607672027,,
215,hampton east,145.03070669999997,-37.93855158,Highett Road Shops,1.616191407367271,Australian National Aviation Museum,6.811856021549225,,
216,hampton park,145.26860480000002,-38.03855643,Hampton Park Shopping Centre,0.6736206504508526,,,,
217,harkaway,145.3591401,-37.99438495,Parkhill Plaza,3.8725646021407676,,,,
218,hastings,145.1840529,-38.29679517,Centro Somerville,8.118564818669515,,,,
219,hawthorn,145.0317055,-37.82446802,Glenferrie Centre,0.5863623383132689,National Sports Museum,4.2115671904133665,,
220,hawthorn east,145.0499684,-37.8313479,Camberwell Place,0.6543363528073041,National Sports Museum,5.937722246921698,,
221,healesville,145.5487134,-37.62388649,Healesville Walk Shopping Centre,4.209485104598557,,,Healesville Sanctuary,6.633430176419154
222,heath hill,145.6868271,-38.26395695,,,,,,
223,heathcote junction,145.0420908,-37.38174904,Wellington Square Shopping Centre,6.5290343865869405,,,,
224,heatherton,145.0931863,-37.95609837,Direct Factory Outlets (DFO),1.6084771597126775,Australian National Aviation Museum,2.216458064095893,,
225,heathmont,145.2439414,-37.83068086,Heathmont Village,0.3017474550198267,,,Chesterfield Farm,8.577970237513483
226,heidelberg,145.06975880000002,-37.75252137,Warringal Shopping Centre,0.3849025006955223,,,,
227,heidelberg heights,145.0528022,-37.74543796,The Mall Shopping Centre,1.0394251792286051,,,,
228,heidelberg west,145.04357819999998,-37.73811937,Northland Shopping Centre,1.2351603507172664,,,Melbourne Zoo,9.529651767035718
229,hesket,144.65570269999998,-37.35156834,,,,,,
230,highett,145.0397814,-37.95040404,Highett Road Shops,0.36844365764799203,Australian National Aviation Museum,5.4048947460159065,,
231,hillside,144.74170800000002,-37.69047142,Taylors Hill Village,2.2747595817167436,,,,
232,hmas cerberus,145.1982325,-38.38108731,,,,,,
233,hoddles creek,145.60474519999997,-37.86395331,Yarra Junction Shopping Centre,9.168143088297768,,,,
234,hopetoun park,144.5015861,-37.69500792,Woodgrove Shopping Centre,5.610642329156506,,,,
235,hoppers crossing,144.6952468,-37.86665147,Hogans Corner Shopping Centre,0.8991126750111524,,,Werribee Open Range Zoo,6.659343672079525
236,hughesdale,145.0811666,-37.89950728,Oakleigh Central,0.8243572564243768,Australian National Aviation Museum,8.549483374630757,,
237,humevale,145.1928073,-37.50227622,,,,,,
238,huntingdale,145.10846919999997,-37.90765023,Oakleigh Central,1.7616443733877183,Australian National Aviation Museum,7.727473256246263,Chesterfield Farm,9.04577445702294
239,hurstbridge,145.1943595,-37.63756021,Diamond Creek Shopping Station,5.0776133135641714,,,,
240,ivanhoe,145.0430782,-37.76901265,Ivanhoe Plaza,0.1940106031605319,Melbourne Museum,7.360448904470323,,
241,ivanhoe east,145.0618332,-37.77338176,Ivanhoe Library,1.6796303995015758,National Sports Museum,8.479660994742655,,
242,jacana,144.91114,-37.68785582,Broadmeadows Shopping Centre,1.170570732972348,,,,
243,junction village,145.29685969999997,-38.13632948,Shopping on Clyde,2.7965881741061756,,,Moonlit Sanctuary,9.28003726150198
244,kallista,145.41170019999998,-37.90120467,Ferntree Plaza,9.107968273660497,,,,
245,kalorama,145.372108,-37.8193901,Churinga shopping centre,5.651632212091446,,,,
246,kangaroo ground,145.2316915,-37.68915635,Diamond Creek Shopping Station,6.590782058916844,,,,
247,kealba,144.8283059,-37.73713376,Keilor Shopping Centre,2.167531096055322,,,,
248,keilor,144.8250259,-37.71133462,Keilor Shopping Centre,2.399716010049036,,,,
249,keilor downs,144.8047536,-37.72061845,Keilor Shopping Centre,0.7857648932428423,,,,
250,keilor east,144.8560985,-37.73837163,The Centreway,1.1430946622010072,,,,
251,keilor lodge,144.79974909999999,-37.69838999,Taylors Lakes Shopping Centre,0.41911450555523966,,,,
252,keilor north,144.7930147,-37.68161742,Taylors Lakes Shopping Centre,2.3612719494788488,,,,
253,keilor park,144.85089630000002,-37.71870659,The Centreway,2.0915976406526973,,,,
254,kensington,144.927044,-37.79435472,Showgrounds Village,1.714473165205307,Melbourne Mint,3.265678515997792,Melbourne Zoo,2.5004212581972842
255,kew,145.0333005,-37.80336402,Glenferrie Centre,1.9299652840096384,National Sports Museum,4.633306481291045,,
256,kew east,145.05277180000002,-37.79043115,Ivanhoe Plaza,2.6666616469055593,National Sports Museum,6.793666743153058,,
257,keysborough,145.1673378,-38.00538047,Parkmore Shopping Centre,1.478973102377312,Australian National Aviation Museum,7.370156467927729,,
258,kilmore,144.92748909999997,-37.30610891,,,,,,
259,kilmore east,145.0112212,-37.27827620000001,,,,,,
260,kilsyth,145.3172159,-37.81446087,Churinga shopping centre,1.4100932100627754,,,,
261,kilsyth south,145.3109853,-37.83149559,Alchester Village Shops,1.7510216641546434,,,,
262,kinglake,145.3459562,-37.55270448,,,Steels Creek Community Hall,4.865738785330138,,
263,kinglake central,145.35234780000002,-37.46980278,,,,,,
264,kinglake west,145.2485439,-37.50305436,,,,,,
265,kings park,144.7719496,-37.73371641,Delahey Village,1.1287266479446625,,,,
266,kingsbury,145.033807,-37.71610538,Summerhill Shopping Centre,1.03880505174244,,,,
267,kingsville,144.8793757,-37.80887184,Yarraville Square Shopping Centre,0.9112516656633295,Victorian Archives Centre,5.725159280784485,Melbourne Zoo,6.991312102577971
268,knoxfield,145.2496398,-37.88976687,Scoresby Village,1.8608912701774725,,,Chesterfield Farm,3.7081794941711275
269,koo wee rup,145.4732544,-38.18682373,,,,,,
270,kooyong,145.035788,-37.84138216,Stockland Tooronga,1.0209374873601667,National Sports Museum,5.171568618964952,,
271,korobeit,144.3314666,-37.5156278,,,,,,
272,kurunjang,144.5904612,-37.66414422,Melton Gateway,2.9844034998358326,,,,
273,lalor,145.0039617,-37.66296949,Lalor Shops,1.6087583832286274,,,,
274,lancefield,144.702143,-37.25281514,,,,,,
275,langwarrin,145.1974007,-38.15454015,Gateway Shopping Village,0.43028743404095443,,,Moonlit Sanctuary,7.899192113925659
276,langwarrin south,145.1910016,-38.18903518,Gateway Shopping Village,4.2905507520336235,,,Moonlit Sanctuary,5.833510284383569
277,launching place,145.5699449,-37.77517113,Woori Yallock Shopping Centre,3.5304432471938765,,,,
278,laverton,144.7735408,-37.85704829,Central Square Shopping Centre,1.8407667469086444,,,,
279,laverton north,144.787153,-37.83002294,The Avenue Shopping Centre,3.950448336986525,,,,
280,lilydale,145.3678294,-37.75562323,Yarra Valley Shopping Centre,1.229922155003463,,,,
281,long forest,144.50696010000001,-37.65579365,Woodgrove Shopping Centre,6.09211056941266,,,,
282,lower plenty,145.1162813,-37.73876586,Bulleen Plaza,3.6032507674229097,,,,
283,lynbrook,145.2561533,-38.05586176,Lynbrook Village Shopping Centre,0.46993624457132105,,,,
284,lyndhurst,145.24939730000003,-38.06952181,Marriot Waters Shopping Centre,0.9035275011227577,,,,
285,lysterfield,145.29083119999999,-37.92700265,Wellington Village Shopping Centre,3.417655766055086,,,Chesterfield Farm,7.474183459467622
286,lysterfield south,145.2669745,-37.95250125,Endeavour Hills Shopping Centre,2.8605847743827746,,,Chesterfield Farm,7.3258228626180095
287,macclesfield,145.4889028,-37.87852915,,,,,,
288,macedon,144.5559274,-37.42852587,The Village Gisborne,7.087521128220716,,,,
289,macleod,145.0698726,-37.72046648,Diamond Village Shopping Centre,1.7698928171713517,,,,
290,maddingley,144.42715249999998,-37.69422999,Bacchus Marsh Village Shopping Centre,2.354908063858443,,,,
291,maidstone,144.87415190000002,-37.78192436,Highpoint Business Park,0.4660351314893177,Victorian Archives Centre,6.228599744453991,Melbourne Zoo,6.915057555083975
292,main ridge,144.96661909999997,-38.40029252,McCrae Plaza,6.643411469052125,,,,
293,malvern,145.0350548,-37.85762708,Glenferrie Rd,0.5551086262281687,National Herbarium,5.9040058019295,,
294,malvern east,145.06576769999998,-37.87682395,Carnegie Central Shopping Centre,1.0720857575986076,,,,
295,maribyrnong,144.8877529,-37.77270532,Highpoint Shopping Centre,0.09021858411731307,Victorian Archives Centre,5.491534820642531,Melbourne Zoo,5.8599062440185845
296,marysville,145.7472699,-37.51198995,,,,,,
297,mccrae,144.9337677,-38.36002189,McCrae Plaza,1.3641553853472521,,,,
298,mckinnon,145.0382061,-37.91065932,Carnegie Central Shopping Centre,3.4022128103492846,Australian National Aviation Museum,8.665462703755988,,
299,mcmahons creek,145.97609599999998,-37.65128675,,,,,,
300,meadow heights,144.9185206,-37.65116794,Centro Meadow Heights,0.2836982059367927,,,,
301,melbourne,144.9722725,-37.822624,Southgate,0.6185273921674099,Australian Music Vault,0.31934582552145857,,
302,melbourne airport,144.83653569999998,-37.676438700000006,Taylors Lakes Shopping Centre,4.30754004266617,,,,
303,melton,144.5889302,-37.68409339,Melton Gateway,1.3862817384338888,,,,
304,melton south,144.5876861,-37.72058572,Melton Gateway,3.769956531050694,,,,
305,melton west,144.5425878,-37.66487372,Woodgrove Shopping Centre,3.061635902743612,,,,
306,mentone,145.06899140000002,-37.98166949,Thrift Park Shopping Centre,0.7490064621964386,Australian National Aviation Museum,2.121270099353848,,
307,menzies creek,145.401304,-37.92368169,Ferntree Plaza,8.79695973739548,,,,
308,mernda,145.0818941,-37.59215878,Westfield Plenty Valley,6.609523859760473,,,,
309,merricks north,145.0767303,-38.34518457,Dromana Hub Shopping Centre,9.854445944968262,,,Peninsula Farm,9.338474330743624
310,merrimu,144.47723019999998,-37.65713042,Bacchus Marsh Village Shopping Centre,3.8973613497609016,,,,
311,mickleham,144.9020121,-37.53662484,Stockland Highlands Shopping Centre,4.527540793460255,,,,
312,middle park,144.9620404,-37.85114609,Albert Park Village,1.686651418921077,National Herbarium,2.643999361363005,,
313,mill park,145.064468,-37.66397499,The Stables Shopping Centre,0.4465664811831472,,,,
314,millgrove,145.6547294,-37.7530915,Yarra Junction Shopping Centre,4.859993243071651,,,,
315,mitcham,145.19904509999998,-37.81816167,Mitcham Shopping Centre,0.6158022779890758,,,Chesterfield Farm,9.529112805127081
316,monbulk,145.4284925,-37.87415035,,,,,,
317,monegeetta,144.80536180000001,-37.39688644,,,,,,
318,mont albert,145.1075325,-37.81754718,Box Hill Central,1.2557409599096578,,,,
319,mont albert north,145.11089840000002,-37.80355576,Balwyn East Shops,0.7972092199936328,,,,
320,montmorency,145.1253152,-37.71897276,Eltham village,2.1483721295368645,,,,
321,montrose,145.3479256,-37.81115585,Churinga shopping centre,3.3438821031276946,,,,
322,moonee ponds,144.921483,-37.76564954,Moonee Ponds Central,0.08031744098687965,Melbourne Mint,5.977909174832052,Melbourne Zoo,3.4487937593643156
323,moorabbin,145.05781059999998,-37.94146082,Highett Road Shops,1.5043182087786695,Australian National Aviation Museum,4.878644712364932,,
324,moorabbin airport,145.0995597,-37.97747032,Direct Factory Outlets (DFO),1.2363457731247565,Australian National Aviation Museum,0.6769454121621743,,
325,moorooduc,145.1190349,-38.24698678,Centro Somerville,5.078839456040692,,,,
326,mooroolbark,145.3257059,-37.78136491,Mooroolbark Terrace Shopping Centre,1.1615778806783288,,,,
327,mordialloc,145.09614530000002,-37.99942253,Parkdale Plaza,1.0845722494650425,Australian National Aviation Museum,2.6191473577435027,,
328,mornington,145.0602598,-38.23042889,Mornington Village Shopping Centre,1.8917008518566452,,,,
329,mount cottrell,144.6556794,-37.78913174,Tarneit West Village,7.931945737574456,,,,
330,mount dandenong,145.35508810000002,-37.83213536,Churinga shopping centre,5.046883154107181,,,,
331,mount eliza,145.09285569999997,-38.19505,Mornington Central,5.383641147285788,,,,
332,mount evelyn,145.38818999999998,-37.78726608,Yarra Valley Shopping Centre,4.54125121590952,,,,
333,mount macedon,144.5931926,-37.39297783,,,,,,
334,mount martha,145.0307727,-38.27541622,Bentons Square Shopping Centre,3.642485802377514,,,,
335,mount waverley,145.1284759,-37.87840925,Mount Waverley Village,0.1972122420971316,,,Chesterfield Farm,7.789519116992443
336,mulgrave,145.1759481,-37.92574092,Waverley Gardens Shopping Centre,1.645919862358397,Australian National Aviation Museum,9.248270595901621,Chesterfield Farm,3.9640175130419673
337,murrumbeena,145.0703594,-37.8968573,Chadstone Shopping Centre,1.6171733560439852,Australian National Aviation Museum,8.994513976480832,,
338,myrniong,144.35005869999998,-37.62015118,Bacchus Marsh Village Shopping Centre,9.999517903957493,,,,
339,narbethong,145.7221611,-37.51093608,,,,,,
340,narre warren,145.30592080000002,-38.01796652,Fountain Gate Car Park,0.13009371620976176,,,,
341,narre warren east,145.3337194,-37.95254489,Ferntree Plaza,6.863592875583522,,,,
342,narre warren north,145.31276499999998,-37.98136361,Parkhill Plaza,3.7606589143365805,,,,
343,narre warren south,145.301909,-38.05438011,Casey Central,1.3604111044436813,,,,
344,new gisborne,144.615309,-37.45239944,The Village Gisborne,4.446956111023591,,,,
345,newham,144.603678,-37.29959781,,,,,,
346,newport,144.8803477,-37.843689700000006,Williamstown Shopping Precinct,2.1445310146563603,Seaworks,3.211224110030342,,
347,niddrie,144.88481399999998,-37.73978396,Niddrie Central,0.743629318120082,,,Melbourne Zoo,7.766200218211442
348,noble park,145.17670080000002,-37.96955909,Parkmore Shopping Centre,2.604640781216658,Australian National Aviation Museum,7.471090034151282,Chesterfield Farm,7.93722203845177
349,noble park north,145.1908219,-37.95119131,Waverley Gardens Shopping Centre,1.6856614688144707,Australian National Aviation Museum,9.106130640313918,Chesterfield Farm,5.591116758337865
350,north melbourne,144.9451553,-37.7985244,Waterfront City,1.648823463969309,Melbourne Mint,1.784256292865519,Melbourne Zoo,1.6864464037239415
351,north warrandyte,145.21553469999998,-37.72580355,Stockland The Pines Shopping Centre,5.739649366151986,,,,
352,northcote,145.0010249,-37.77284,Northcote Plaza,0.47696938153659474,Melbourne Museum,4.27125283781497,Melbourne Zoo,4.460070624141965
353,notting hill,145.14558689999998,-37.90559651,Brandon Park Shopping Centre,1.477036764630357,Australian National Aviation Museum,9.125830938904327,Chesterfield Farm,5.774461184137784
354,nunawading,145.17652569999998,-37.81735478,Nunawading Home HQ,0.3059142386540359,,,,
355,nutfield,145.1854732,-37.60213216,Diamond Creek Shopping Station,8.293806680385538,,,,
356,oak park,144.91709699999998,-37.71761025,DFO Essendon,1.8248946111211586,Victorian Archives Centre,9.028782003010791,Melbourne Zoo,8.058074793434407
357,oaklands junction,144.8537672,-37.60540770000001,Greenvale Shopping Centre,4.518168168075578,,,,
358,oakleigh,145.0957033,-37.90067509,Oakleigh Central,0.46717933611162826,Australian National Aviation Museum,8.372093175059637,,
359,oakleigh east,145.1153419,-37.9039678,Oakleigh Central,2.2219410026722377,Australian National Aviation Museum,8.257968001428637,Chesterfield Farm,8.429851448581537
360,oakleigh south,145.09420749999998,-37.92442924,The Links,0.9869938772196879,Australian National Aviation Museum,5.7324891969807705,,
361,officer,145.4114104,-38.05427126,Lakeside Square,3.0645370097690208,,,,
362,olinda,145.38548459999998,-37.84372724,Alchester Village Shops,7.5843429229379815,,,,
363,ormond,145.04141299999998,-37.9038867,Carnegie Central Shopping Centre,2.6181598983452528,Australian National Aviation Museum,9.164017139471172,,
364,pakenham,145.4848312,-38.07343207,Pakenham Marketplace,0.4674652690152133,,,,
365,pakenham south,145.4927613,-38.13862053,Heritage Springs Shopping Centre,6.230267123623544,,,,
366,pakenham upper,145.50765619999999,-38.00777658,Lakeside Shopping Centre,7.8041364437621255,,,,
367,panton hill,145.2476744,-37.64425724,Diamond Creek Shopping Station,8.451493010516613,,,,
368,park orchards,145.21465619999998,-37.77689019,North Ringwood Shops,2.7222723625161853,,,,
369,parkdale,145.0812549,-37.99190326,Parkdale Plaza,0.6532554667417733,Australian National Aviation Museum,1.999910409777359,,
370,parkville,144.9515524,-37.78706543,Barkly Square Shopping Centre,1.5652206322182487,Melbourne Museum,2.5435305461106634,Melbourne Zoo,0.29673832703168695
371,parwan,144.444221,-37.77267974,,,,,,
372,pascoe vale,144.9379376,-37.72504773,Derby St Shops,0.807462433450137,Victorian Archives Centre,7.932237361658691,Melbourne Zoo,6.7259503710381425
373,pascoe vale south,144.9384779,-37.74343203,Bell-Melville Shopping Centre,0.8404609851696269,Victorian Archives Centre,5.892178411992946,Melbourne Zoo,4.726787042227615
374,patterson lakes,145.1432514,-38.069426299999996,Chelsea Beach Arcade,2.9703372663416148,,,,
375,pearcedale,145.2421548,-38.20158970000001,Centro Somerville,6.846905384264078,,,Moonlit Sanctuary,1.3691650463359903
376,pheasant creek,145.2745039,-37.45368374,,,,,,
377,plenty,145.1124186,-37.66741939,St. Helena Market Place,2.8561184393943067,,,,
378,plumpton,144.6908291,-37.68697935,Taylors Hill Village,5.184936597906021,,,,
379,point cook,144.7532575,-37.90648838,Sanctuary Lakes Shopping Centre,1.195246614652493,,,Werribee Open Range Zoo,7.765555714078272
380,point leo,145.0693983,-38.41501931,,,,,,
381,port melbourne,144.92225439999999,-37.83320502,DFO South Wharf,2.6226235383062466,Fox Classic Car Collection,2.6657708181039648,,
382,portsea,144.7004675,-38.32284425,Sorrento Village,4.021382770717417,Queenscliffe Maritime Museum,7.03600712969957,,
383,powelltown,145.74760419999998,-37.86246798,,,,,,
384,prahran,145.0005947,-37.8518848,Hawksburn Village,0.5150030650697944,National Herbarium,3.1286894136341115,,
385,preston,145.0078238,-37.74191979,South Preston Shopping Centre,1.1185241163155204,Melbourne Museum,7.5382634617622335,Melbourne Zoo,6.785947976704665
386,princes hill,144.9665361,-37.78185202,Barkly Square Shopping Centre,0.7912578798110703,Melbourne Museum,2.443830084862167,Melbourne Zoo,1.2642812251572029
387,ravenhall,144.7447852,-37.78792385,Derrimut Village Shopping Centre,2.412103069331467,,,,
388,red hill,145.01596,-38.36330674,Dromana Hub Shopping Centre,5.5477793087997025,,,,
389,red hill south,145.0461877,-38.40118994,,,,,,
390,research,145.1890477,-37.70658238,Eltham village,3.6377807561780973,,,,
391,reservoir,145.0069134,-37.71235511,Summerhill Shopping Centre,2.324377962216985,,,Melbourne Zoo,9.331804884407239
392,richmond,145.002492,-37.8203963,Richmond Plaza,0.4006771643795837,National Sports Museum,1.6020571741335683,,
393,riddells creek,144.6777093,-37.43828545,The Village Gisborne,9.494042915179437,,,,
394,ringwood,145.23346619999998,-37.81137062,Eastland Shopping Centre,0.45485945679640194,,,,
395,ringwood east,145.25303449999998,-37.81315599,East Ringwood Shops,0.26440214715420557,,,,
396,ringwood north,145.23119340000002,-37.79301952,North Ringwood Shops,0.4884201743299281,,,,
397,ripponlea,144.9952712,-37.87781376,Elwood Village,1.0789695183787127,National Herbarium,5.473137888877136,,
398,rockbank,144.65758730000002,-37.7250125,Melton Gateway,6.231015869344264,,,,
399,romsey,144.7283157,-37.3523401,,,,,,
400,rosanna,145.0696366,-37.73956398,Warringal Shopping Centre,1.810115463328339,,,,
401,rosebud,144.90947749999998,-38.37099603,Rosebud Beach Shopping Centre,1.7287801057219425,,,,
402,rosebud west,144.8755369,-38.37374692,Rosebud Plaza,2.0032299689488187,,,,
403,rowsley,144.34072340000003,-37.76941174,,,,,,
404,rowville,145.24480400000002,-37.92390539,Wellington Village Shopping Centre,0.7945348851019827,,,Chesterfield Farm,3.7255927848347734
405,roxburgh park,144.925567,-37.62578078,Roxburgh Park Shopping Centre,1.6197967481677134,,,,
406,rye,144.80991880000002,-38.38218183,Rosebud Plaza,7.520896675906333,,,,
407,safety beach,145.00023240000002,-38.31534002,Dromana Hub Shopping Centre,3.684453857542154,,,,
408,sandhurst,145.20868180000002,-38.08211547,Carrum Downs Regional Shopping Centre,3.0714564501448143,,,,
409,sandringham,145.01381469999998,-37.95332016,Hampton Village,2.217506370905768,Australian National Aviation Museum,7.3245489801527786,,
410,sassafras,145.3568788,-37.86780632,Ferntree Plaza,5.1517295410833075,,,,
411,scoresby,145.21828,-37.90257564,Scoresby Village,1.253066437521196,,,Chesterfield Farm,0.6313456175654545
412,seabrook,144.75867380000003,-37.88093452,Central Square Shopping Centre,1.6535246956923066,,,Werribee Open Range Zoo,9.263862273430634
413,seaford,145.138402,-38.10484716,Carrum Downs Regional Shopping Centre,4.069136441250266,,,,
414,seaholme,144.84514319999997,-37.86396261,Borrack Square,3.1775556611800018,Seaworks,5.457935448773691,,
415,seddon,144.8916288,-37.80677066,Footscray Plaza,0.8581808978040292,Victorian Archives Centre,4.621861283784501,Melbourne Zoo,5.909403410929583
416,selby,145.378423,-37.91872123,Ferntree Plaza,6.72954930655291,,,,
417,seville,145.4755313,-37.79263791,Wandin North,4.096383325573059,,,,
418,seville east,145.5031747,-37.77857591,Woori Yallock Shopping Centre,2.382391179102003,,,,
419,sherbrooke,145.3648706,-37.89120132,Ferntree Plaza,4.964180700586734,,,,
420,shoreham,145.0516917,-38.42443842,,,,,,
421,silvan,145.444445,-37.83416534,Wandin North,7.161645140721129,,,,
422,skye,145.21633830000002,-38.10503997,Carrum Downs Regional Shopping Centre,2.7937547583161164,,,,
423,smiths gully,145.2883093,-37.62698748,,,Steels Creek Community Hall,8.499077192168711,,
424,somers,145.1726183,-38.39230121,,,,,,
425,somerville,145.1981231,-38.2327704,Centro Somerville,2.659588279372609,,,Moonlit Sanctuary,5.192536439854724
426,sorrento,144.7420688,-38.34472269,Sorrento Village,0.6028443195695053,,,,
427,south kingsville,144.87103069999998,-37.83023593,Wembley Avenue Shops,1.2076885717091357,Seaworks,4.856964640683289,,
428,south melbourne,144.9569722,-37.83347256,South Melbourne Central,0.28482210513635925,Fox Classic Car Collection,1.5468102530478338,,
429,south morang,145.08365700000002,-37.63168106,Westfield Plenty Valley,2.394792979089903,,,,
430,south wharf,144.9494054,-37.825361799999996,DFO South Wharf,0.07877426481250885,Fox Classic Car Collection,0.46244413776835785,,
431,south yarra,144.9914825,-37.83920603,Como Centre,0.44064583645548444,National Herbarium,1.5730650917314102,,
432,southbank,144.9642691,-37.82527864,Crown Entertainment Complex,0.5813336436932748,Australian Music Vault,0.5588619699601554,,
433,spotswood,144.88797240000002,-37.82998945,Yarraville Square Shopping Centre,1.5606478592184345,Seaworks,4.065833190486401,,
434,springvale,145.1578294,-37.94570636,Springvale Shopping Centre,0.8014449711957484,Australian National Aviation Museum,6.688771774368121,Chesterfield Farm,6.63226435516612
435,springvale south,145.14786819999998,-37.97083566,Springvale Central,2.2074962263796847,Australian National Aviation Museum,4.936892298031011,Chesterfield Farm,9.321583278961976
436,st albans,144.8049753,-37.74509368,Keilor Shopping Centre,1.9621009706041284,,,,
437,st andrews,145.28739140000002,-37.58324285,,,Steels Creek Community Hall,7.621591361480556,,
438,st andrews beach,144.83111780000002,-38.41997245,Rosebud Plaza,8.423406473555536,,,,
439,st helena,145.12948740000002,-37.68953561,St. Helena Market Place,0.7400676810574534,,,,
440,st kilda,144.98159840000002,-37.86378606,Acland Arcade,0.5547108365967508,National Herbarium,3.701526754275497,,
441,st kilda east,145.0021447,-37.86680573,Acland Court,1.9110084921290273,National Herbarium,4.574851861260083,,
442,st kilda west,144.9712179,-37.85800942,Acland Arcade,1.3661778846445705,National Herbarium,3.087028380599875,,
443,steels creek,145.3809773,-37.57972956,,,Steels Creek Community Hall,1.4120741339267908,,
444,strathewen,145.2809373,-37.53362135,,,,,,
445,strathmore,144.9170691,-37.73329344,DFO Essendon,0.7039087268779043,Victorian Archives Centre,7.355587658726165,Melbourne Zoo,6.490107705439163
446,strathmore heights,144.89707109999998,-37.71345276,Westfield Airport West,1.0055617390356633,,,Melbourne Zoo,9.281916884808286
447,sunbury,144.71494130000002,-37.54707201,Sunbury Square Shopping Centre,3.637598372922857,,,,
448,sunshine,144.8342291,-37.78937046,Sunshine Plaza,0.7871846762214316,Victorian Archives Centre,9.565239635133544,,
449,sunshine north,144.83621530000002,-37.763981799999996,Sunshine Marketplace,2.0363945232818126,,,,
450,sunshine west,144.81108830000002,-37.79834231,The Avenue Shopping Centre,0.47185357426693686,,,,
451,surrey hills,145.0980832,-37.82688121,Maling Rd Shopping Village,1.4986577655853006,,,,
452,sydenham,144.7652467,-37.69969552,Watergardens Town Centre,0.9433689761772354,,,,
453,tarneit,144.6778781,-37.83087749,Wyndham Village Shopping Centre,3.1729124332599703,,,,
454,taylors hill,144.75284530000002,-37.71522708,Watervale Shopping Centre,0.9133399522261166,,,,
455,taylors lakes,144.7863236,-37.69868636,Watergardens Shopping Center,0.9020534641022562,,,,
456,tecoma,145.3447081,-37.90300351,Ferntree Plaza,3.3335331792618046,,,,
457,templestowe,145.1486406,-37.75405954,Stockland The Pines Shopping Centre,1.975541091412341,,,,
458,templestowe lower,145.112223,-37.76386755,Macedon Square,1.0147867704264222,,,,
459,the basin,145.3212686,-37.85566263,Alchester Village Shops,2.3086021478805336,,,,
460,the patch,145.40220300000001,-37.8918531,Ferntree Plaza,8.241590339409562,,,,
461,thomastown,145.0082605,-37.68395722,Lalor Shops,1.4201766470678372,,,,
462,thornbury,145.0050219,-37.75833155,South Preston Shopping Centre,0.8222837570853172,Melbourne Museum,5.808296606056888,Melbourne Zoo,5.458401031972621
463,three bridges,145.73168869999998,-37.85458354,,,,,,
464,toolangi,145.506707,-37.50857385,,,,,,
465,toolern vale,144.5943071,-37.61480928,Melton Gateway,8.272541519705541,,,,
466,tooradin,145.3827514,-38.20132446,,,Crystal World,8.551996670671262,,
467,toorak,145.01758049999998,-37.84162266,Toorak Place,0.6863770020168747,National Herbarium,3.7528420383023464,,
468,tootgarook,144.8501496,-38.3776792,Rosebud Plaza,4.075406920531111,,,,
469,tottenham,144.8528875,-37.80461933,Central West Shopping Centre,1.3990636057172683,Victorian Archives Centre,7.941190434629237,Melbourne Zoo,9.059850555571007
470,travancore,144.935519,-37.78080673,Union Square Shopping Centre,1.5314903383629352,Melbourne Mint,3.8999532295567145,Melbourne Zoo,1.5586952644931953
471,tremont,145.3157487,-37.87883218,Ferntree Plaza,1.8000360936572035,,,Chesterfield Farm,9.595132699496089
472,truganina,144.7344877,-37.83192348,Wyndham Village Shopping Centre,3.234099877056531,,,,
473,tuerong,145.09671830000002,-38.2986869,Bentons Square Shopping Centre,7.30979942965976,,,,
474,tullamarine,144.87178490000002,-37.70459822,Westfield Airport West,1.6179545154023323,,,,
475,tyabb,145.18718959999998,-38.26369293,Centro Somerville,4.609914489789089,,,Moonlit Sanctuary,8.035448553187384
476,upper ferntree gully,145.3098774,-37.89665097,Ferntree Plaza,0.3155150867868706,,,Chesterfield Farm,8.712565389866484
477,upper plenty,145.05475800000002,-37.41967834,Wellington Square Shopping Centre,6.797235099510578,,,,
478,upwey,145.32797119999998,-37.90519866,Ferntree Plaza,2.1120838994095856,,,,
479,vermont,145.1993105,-37.83840511,Brentford Square,1.3207150308928752,,,Chesterfield Farm,7.297354916657434
480,vermont south,145.1878296,-37.85438401,Vermont South Shopping Centre,0.3949437773002638,,,Chesterfield Farm,5.823292933679106
481,viewbank,145.09322969999997,-37.73990693,Bulleen Plaza,2.6086592799462904,,,,
482,wallan,144.95459169999998,-37.44185678,Wellington Square Shopping Centre,3.9658062681305304,,,,
483,wandin east,145.45487769999997,-37.81230725,Wandin North,4.922003408189441,,,,
484,wandin north,145.4262908,-37.78059771,Wandin North,1.6422889003263175,,,,
485,wandong,144.9786573,-37.35716213,Wellington Square Shopping Centre,6.053037391210104,,,,
486,wantirna,145.2259658,-37.85232581,Wantirna Mall,0.7486433515145641,,,Chesterfield Farm,5.823896599251139
487,wantirna south,145.2215305,-37.87406328,Westfield Knox,1.755516825036815,,,Chesterfield Farm,3.3885967535053236
488,warburton,145.7194347,-37.78082306,Yarra Junction Shopping Centre,9.388204424050521,,,,
489,warneet,145.3117368,-38.22130729,,,,,Moonlit Sanctuary,5.417791438672791
490,warrandyte,145.2091016,-37.74783013,Stockland The Pines Shopping Centre,3.875436502150822,,,,
491,warrandyte south,145.2440678,-37.75960637,McAdam Square Shopping Centre,3.4280915373726737,,,,
492,warranwood,145.250079,-37.77251619,McAdam Square Shopping Centre,2.0445889948461637,,,,
493,waterways,145.13048510000002,-38.01476439,Parkmore Shopping Centre,4.4604399239893,Australian National Aviation Museum,5.464000982785899,,
494,watsonia,145.0836607,-37.71044027,Diamond Village Shopping Centre,0.32781250455572636,,,,
495,watsonia north,145.084885,-37.69601905,Greensborough Plaza,1.7285091170455191,,,,
496,wattle glen,145.191528,-37.66999571,Diamond Creek Shopping Station,2.86191004555266,,,,
497,werribee,144.6655946,-37.89624346,Pacific Werribee,2.6293431296596452,,,Werribee Open Range Zoo,2.9068308734724964
498,werribee south,144.69769019999998,-37.936383299999996,Featherbrook Shopping Centre,4.978963561008509,,,Werribee Open Range Zoo,3.0929433781229516
499,wesburn,145.6970762,-37.69007646,,,,,,
500,west footscray,144.8710051,-37.80055536,Central West Shopping Centre,1.1855787469986145,Victorian Archives Centre,6.310164387428428,Melbourne Zoo,7.402495021796418
501,west melbourne,144.92520290000002,-37.80935015,The District Docklands,1.2098623524638263,Fox Classic Car Collection,2.4415767233066963,Melbourne Zoo,3.6620449367448216
502,westmeadows,144.89408390000003,-37.67510597,Gladstone Park Shopping Centre,1.6646113949003833,,,,
503,wheelers hill,145.18684330000002,-37.90760877,Wheelers Hill Shopping Centre,0.29919339997518385,,,Chesterfield Farm,2.189937977043887
504,whittlesea,145.13224430000002,-37.46046556,,,,,,
505,wildwood,144.8078271,-37.54725977,Sunbury Square Shopping Centre,7.659569663572142,,,,
506,williams landing,144.74945269999998,-37.86180275,Williams Landing Shopping Centre,0.8207360703642324,,,Werribee Open Range Zoo,9.874492035530832
507,williamstown,144.8920898,-37.86157992,Williamstown Shopping Precinct,0.597637111932215,Seaworks,1.340246165563551,,
508,williamstown north,144.8670081,-37.85307815,Borrack Square,2.67555587684162,Seaworks,3.711726521946606,,
509,willowmavin,144.887584,-37.22408888,,,,,,
510,windsor,144.9921845,-37.85447083,Pran Central Shopping Centre,0.8046529232033547,National Herbarium,2.9554664265722104,,
511,wollert,145.0009082,-37.59659678,Craigieburn Plaza,5.475218017777982,,,,
512,wonga park,145.2697986,-37.73568023,Chirnside Park Shopping Centre,4.502753046502875,,,,
513,woodend,144.52637140000002,-37.36235872,,,,,,
514,woodend north,144.528661,-37.31580803,,,,,,
515,woodstock,145.0290999,-37.54255029,,,,,,
516,woori yallock,145.5365847,-37.78797777,Woori Yallock Shopping Centre,1.1184797567447777,,,,
517,wyndham vale,144.5409938,-37.84152825,Manor Lakes Central,7.538472658463039,,,,
518,yallambie,145.09350569999998,-37.72515069,Diamond Village Shopping Centre,1.5774797919496062,,,,
519,yan yean,145.12857,-37.54603601,Laurimar Town Centre,6.157768482206943,,,,
520,yannathan,145.6438841,-38.22526288,,,,,Moonlit Sanctuary,9.86792041278199
521,yarra glen,145.381526,-37.64682216,,,Steels Creek Community Hall,6.2587598904617705,,
522,yarra junction,145.626452,-37.79614994,Woori Yallock Shopping Centre,8.6826635520732,,,,
523,yarrambat,145.13484230000003,-37.63753591,Diamond Creek Shopping Station,4.58784052721049,,,,
524,yarraville,144.88184760000001,-37.8180019,Yarraville Square Shopping Centre,0.1255953983046944,Seaworks,5.500496414053531,,
525,yellingbo,145.5290878,-37.84600952,Woori Yallock Shopping Centre,7.40876146705708,,,,
526,yuroke,144.8798729,-37.58362055,Craigieburn Central,3.1909817570675307,,,,
