,Suburb,Longitude,Latitude,Closest Bus Station,Distance to Bus Station,Closest Train Station,Distance to Train Station,Closest Tram Station,Distance to Tram Station
0,abbotsford,144.9997975,-37.80470437,Clifton Hill Interchange,2.1273062678393084,Victoria Park Station,0.7783648450422447,Tram Stop 13 - Federation Square (3/3a/5/6/16/64/67/72),3.191071817289741
1,aberfeldie,144.8974251,-37.75963614,Moonee Ponds Junction Bus Stop,2.520204987369483,Essendon Station,1.685383235393923,Tram Stop D18,7.836532882543876
2,airport west,144.8813368,-37.72386202,Long Term Car Park Bus Shelter E,5.3359374988280885,Oak Park Station,3.603540436574761,,
3,albanvale,144.76854450000002,-37.74610564,Alfrieda Street Bus Terminus,2.8388030158107154,St Albans Station,2.74872619833866,,
4,albert park,144.9631929,-37.84475295,Federation Square Bus Depot,3.1430638370296142,Prahran Station,2.415207875920221,Tram Stop 20 @ Park Street,1.686962240870562
5,albion,144.8160456,-37.77635579,Sunshine Bus Interchange,1.9050384036570478,Ardeer Station,1.4450430554231188,,
6,alphington,145.03087490000001,-37.78037851,Clifton Hill Interchange,3.2974727862870554,Alphington Station,0.22082471713890287,Tram Stop 29,5.249642382765182
7,altona,144.8130541,-37.86008247,Newport Interchange,6.4072053350479905,Westona Station,0.5734209999580333,,
8,altona meadows,144.7844703,-37.88098251,Newport Interchange,9.617154882358815,Laverton Station,2.187284433144866,,
9,altona north,144.8346696,-37.83796498,Newport Interchange,4.232596441110505,Altona Station,3.2761543890995215,Tram Stop D18,9.624819272304393
10,ardeer,144.8014429,-37.77592513,Sunshine Bus Interchange,3.0247156219084257,Ardeer Station,0.7871251249574853,,
11,armadale,145.0206772,-37.85675267,SmartBus Terminus Caulfield Station,3.025102796822716,Armadale Station,0.1349335468044144,Tram Stop 29,3.278016916539459
12,arthurs creek,145.20689119999997,-37.564443,,,Hurstbridge Station,8.45116775882413,,
13,arthurs seat,144.95969240000002,-38.36314667,Bus Stop ID 12697 (788),5.138346851025444,,,,
14,ascot vale,144.9136966,-37.77699959,Moonee Ponds Junction Bus Stop,1.5056681149173072,Moonee Ponds Station,1.3270627743075438,Tram Stop D18,5.458210947579641
15,ashbourne,144.43756240000002,-37.41041318,,,Woodend Train Station,9.687740023078582,,
16,ashburton,145.08072180000002,-37.86738192,Chadstone Bus Interchange,2.284648418000946,Alamein Station,0.12722650984437234,Tram Stop 29,6.547922704640588
17,ashwood,145.10230430000001,-37.86671234,767 Bus Stop In Front Of Deakin,2.157524913030572,Jordanville Station,1.1398043933414117,,
18,aspendale,145.1023414,-38.02188089,Westfield  Southland Bus Interchange,8.322091877285313,Aspendale Station,0.5896328449236798,,
19,aspendale gardens,145.1198511,-38.02215233,Dandenong Station Bus Interchange,8.678652772294123,Aspendale Station,1.6539143271423715,,
20,attwood,144.8848529,-37.66701377,Long Term Car Park Bus Shelter E,2.348124286361067,Broadmeadows Station,3.542906802541294,,
21,avondale heights,144.8626195,-37.76160848,Sunshine Bus Interchange,3.901381258328213,Sunshine Station,3.935397375159805,,
22,avonsleigh,145.4847445,-37.91165035,,,Lakeside Station - Puffing Billy Railway,3.048362428733269,,
23,bacchus marsh,144.4310256,-37.67221427,Gell St Bus Stop,0.6531432023688751,Bacchus Marsh Station,1.8233533752924882,,
24,badger creek,145.5332593,-37.705170200000005,Cairncroft Avenue Bus Stop,8.916306933890347,Yarra Valley Railway,5.89165294581365,,
25,balaclava,144.9947273,-37.87031904,SmartBus Terminus Caulfield Station,4.333615972202698,Balaclava Station,0.16807817088115956,Tram Stop 20 @ Park Street,4.835314101889631
26,balliang,144.3322585,-37.85096176,,,,,,
27,balnarring,145.13387969999997,-38.35720252,,,Crib Point Station,6.205082439153386,,
28,balnarring beach,145.11600019999997,-38.39519836,,,Crib Point Station,8.36629724901602,,
29,balwyn,145.0833455,-37.8091762,Doncaster Park And Ride,2.9423092269155444,Chatham Station,1.7348968024183677,Tram Stop 29,5.452814931486241
30,balwyn north,145.08421040000002,-37.7919652,Doncaster Park And Ride,1.8523354828756502,Mont Albert Station,3.5912909069625676,Tram Stop 29,6.476067717618287
31,bangholme,145.1904509,-38.05212191,Dandenong Station Bus Interchange,7.138704949906927,Lynbrook Station,5.0565576383178845,,
32,baxter,145.15691280000001,-38.20087974,フランクストン駅バスターミナル (Frankston Station Bus Interchange),7.0100703535869275,Somerville Station,3.1891731470709246,,
33,bayles,145.5806247,-38.17606026,Koo Wee Rup Bus Interchange,8.309981244619756,,,,
34,bayswater,145.26474069999998,-37.84541361,Knox City Bus Interchange,3.493016106421804,Bayswater Station,0.4801451132441878,,
35,bayswater north,145.28370180000002,-37.82694229,Ringwood Station Bus Interchange,4.958931828695103,Bayswater Station,2.163877472836982,,
36,beaconsfield,145.3831227,-38.04033614,Berwick Station Bus Interchange,3.3510721349548733,Beaconsfield Station,1.885705946489885,,
37,beaconsfield upper,145.4237761,-37.99808852,Main street,7.786237218863535,Emerald Station - Puffing Billy Railway,7.3012428978425215,,
38,beaumaris,145.03891380000002,-37.98220978,Westfield  Southland Bus Interchange,3.004133658129123,Cheltenham Station,2.1958590632772883,,
39,belgrave,145.3552378,-37.91206763,ベルグレーブ駅バスターミナル (Belgrave Station Bus Interchange),0.26743509573580626,Belgrave Station,0.32474807789124605,,
40,belgrave heights,145.3469026,-37.92644898,ベルグレーブ駅バスターミナル (Belgrave Station Bus Interchange),1.998671897200504,Belgrave Station,2.051169484970125,,
41,belgrave south,145.35732959999999,-37.9424184,ベルグレーブ駅バスターミナル (Belgrave Station Bus Interchange),3.641207267948584,Selby Station - Puffing Billy Railway,3.2534986633960776,,
42,bellfield,145.03850649999998,-37.75309127,Clifton Hill Interchange,5.355656892262217,Ivanhoe Station,1.848613285804654,Tram Stop 29,8.334342496164805
43,bend of islands,145.28362769999998,-37.69802641,Lilydale Station Bus Terminus,8.564572346157687,Lilydale Station,8.539695126795289,,
44,bentleigh,145.0380733,-37.92244334,SmartBus Terminus - Bentleigh Station,0.4554599494805164,Patterson Station,0.3866109138024958,Tram Stop 139,7.835168403163341
45,bentleigh east,145.0666708,-37.92211037,Bus Interchange - Moorabbin Station,2.9938844483805402,Bentleigh Station,2.6562589189153063,,
46,berwick,145.34811440000001,-38.04035108,Berwick Station Bus Interchange,0.32767740577162624,Berwick Station,0.29624052580014154,,
47,beveridge,145.01338230000002,-37.47983293,Ned Kelly Junction,5.866407108844614,Donnybrook Station,7.908743310696355,,
48,bittern,145.1778583,-38.33740839,,,Hastings station,3.6087171468653554,,
49,black rock,145.0229273,-37.970517,Westfield  Southland Bus Interchange,3.0318802898452253,Southland Station,2.6497711671535304,,
50,blackburn,145.1522675,-37.82170489,Box Hill Bus Station,2.6431633403534143,Blackburn Station,0.25677737777892795,,
51,blackburn north,145.1542685,-37.80537507,Eastern Fwy/M'borough Rd Bus Stop,1.3277024309582595,Blackburn Station,1.669508151726714,,
52,blackburn south,145.14651980000002,-37.83937097,767 Bus Stop In Front Of Deakin,3.0052538399755404,Blackburn Station,2.1670069204173834,,
53,blairgowrie,144.7722206,-38.36871970000001,Bus to Conti!,6.926903749988126,,,,
54,blind bight,145.3377059,-38.21424714,,,,,,
55,bonbeach,145.12751210000002,-38.06316018,Kananook Station Bus Stop,6.4740455787742235,Bonbeach Station,0.6821023894053961,,
56,boneo,144.9043916,-38.43123904,Bus Stop 13175,9.455440633276702,,,,
57,boronia,145.2859284,-37.85631765,Knox City Bus Interchange,4.391049150546156,Boronia Station,0.47301556696721,,
58,botanic ridge,145.26841430000002,-38.13920514,,,Cranbourne Station,4.485377983517161,,
59,box hill,145.1261178,-37.82152715,Box Hill Bus Station,0.40863005995173723,Box Hill Station,0.4377642910871912,Tram Stop 29,8.849140791404876
60,box hill north,145.1295707,-37.80563252,Eastern Fwy/M'borough Rd Bus Stop,1.3109005527423894,Box Hill Station,1.6523849780795599,,
61,box hill south,145.1233062,-37.83661171,Bus Stop Uganda Street,1.4371733281849575,Box Hill Station,1.928148959697587,,
62,braeside,145.11740769999997,-38.01230799,Westfield  Southland Bus Interchange,8.269417315709443,Aspendale Station,2.128347162790744,,
63,braybrook,144.8548475,-37.78667946,Sunshine Bus Interchange,1.964061357877618,Tottenham Station,1.5841891255072236,Tram Stop D18,8.546576748521163
64,briar hill,145.1210081,-37.70617353,Main Street Bus Stops,1.2899830235586958,Montmorency Station,1.0347859468219232,,
65,brighton,144.99581909999998,-37.90821741,Bus Interchange - Moorabbin Station,4.6908314794158015,North Brighton Station,0.7286863546125942,Tram Stop 139,4.5794909377437385
66,brighton east,145.0164216,-37.91721217,Bus Interchange - Moorabbin Station,2.6871079424785993,Middle Brighton Railway Station,1.7739209029148222,Tram Stop 139,6.2452686841473986
67,broadmeadows,144.9324214,-37.68329581,Broadmeadows Station Bus Interchange,1.1855101585925425,Broadmeadows Station,1.1350251038260613,,
68,brookfield,144.5405175,-37.69938654,Woodgrove Bus Stop,2.6391697344844833,Melton Station,2.830787154628357,,
69,brooklyn,144.8415313,-37.8160825,Sunshine Bus Interchange,3.276946534721521,Tottenham Station,2.682866774733885,Tram Stop D18,8.847502992785357
70,brunswick,144.96127380000001,-37.7664412,Bus Stop 2463,2.8440580075176807,Brunswick Station,0.1284866139256266,Tram Stop 8 - Melbourne Central Station/State Library,4.842269104047027
71,brunswick east,144.97770219999998,-37.76887935,Clifton Hill Interchange,2.395310355171591,Northcote Station,1.5567298837946224,Tram Stop 8 - Melbourne Central Station/State Library,4.719257277855162
72,brunswick west,144.94256289999998,-37.76331698,Tram Stop 37,1.5445426617187852,Brunswick Station,1.5767141541249028,Tram Stop 8 - Melbourne Central Station/State Library,5.5195211535701505
73,bulla,144.7910215,-37.63526552,SkyBus T2/T3/T4 Bus Stop,6.4665864336164995,Watergardens Station,7.450807832174634,,
74,bulleen,145.0871969,-37.7689391,Bulleen Terminus,1.1068514884590164,Heidelberg Station,2.6664471480750227,Tram Stop 29,8.450819002862449
75,bullengarook,144.4964113,-37.476389000000005,Bus Stop,8.50046338024392,Macedon Station,8.28555871813744,,
76,bundoora,145.0596722,-37.69830292,Latrobe Bus Interchange,2.5068393524183135,Watsonia Station,2.547233362512295,,
77,burnley,145.01736359999998,-37.82959784,Federation Square Bus Depot,4.386137308079955,Burnley Station,0.886814857779905,Tram Stop 29,0.7855916701584661
78,burnside,144.75299669999998,-37.74941781,Keilor Plains Station,4.20944805920434,Caroline Springs Station,2.21463385417011,,
79,burnside heights,144.75554780000002,-37.73246194,Keilor Plains Station,3.390753222134612,Watergardens Station,3.8492695576141407,,
80,burwood,145.1113815,-37.84955131,Bus Stop Uganda Street,0.6276226167480272,Jordanville Station,2.670993513870227,Tram Stop 29,7.913037046162472
81,burwood east,145.150426,-37.85360796,Glen Waverley Bus Interchange,3.0608276874180214,Syndal Station,2.5277888535551845,,
82,cairnlea,144.7878556,-37.75931183,Alfrieda Street Bus Terminus,2.0683867072568383,St Albans Station,1.9280493154053078,,
83,calder park,144.76112849999998,-37.67626449,Keilor Plains Station,6.605785390955184,Watergardens Station,2.9695928207921214,,
84,camberwell,145.074021,-37.83844443,Bus Stop Uganda Street,3.2192989466207824,Hartwell Station,0.6710220449185499,Tram Stop 29,4.407425677467585
85,campbellfield,144.9595282,-37.66416091,Broadmeadows Station Bus Interchange,4.134637243505456,Upfield Station,1.1565446058308093,,
86,cannons creek,145.31122299999998,-38.21141603,,,,,,
87,canterbury,145.075725,-37.8242982,Bus Stop Uganda Street,3.7213356046263946,Canterbury Station,0.4822119589723386,Tram Stop 29,4.401917013172162
88,cape schanck,144.8908892,-38.46660994,,,,,,
89,cardinia,145.42026030000002,-38.12494385,,,Cardinia Road Station,6.183064110136904,,
90,carlsruhe,144.5275384,-37.27213625,,,Kyneton Train Station,6.973646748669784,,
91,carlton,144.9683986,-37.80042084,Federation Square Bus Depot,1.8442970574150157,Melbourne Central Station,1.1954107671284033,Tram Stop 8 - Melbourne Central Station/State Library,1.1289468810374255
92,carlton north,144.9684834,-37.78660249,Clifton Hill Interchange,2.2604119542079504,Tram Stop 115 (melbourne general cemetary east),0.31794025187986313,Tram Stop 8 - Melbourne Central Station/State Library,2.6262567764505027
93,carnegie,145.05589740000002,-37.89337797,SmartBus Terminus Caulfield Station,2.100689755750722,Carnegie Station,0.8112338576328689,,
94,caroline springs,144.7371786,-37.7346079,Keilor Plains Station,5.025489877738352,Caroline Springs Station,3.5090485655192416,,
95,carrum,145.12796409999999,-38.07678058,Kananook Station Bus Stop,4.967631548244557,Carrum Station,0.5179746266134839,,
96,carrum downs,145.17581059999998,-38.09279941,Kananook Station Bus Stop,4.756526597749909,Seaford Station,4.358528158319157,,
97,castella,145.41852619999997,-37.52140952,Bus Stop 23440,5.4007196773459505,,,,
98,catani,145.65187949999998,-38.19460778,,,,,,
99,caulfield,145.0263306,-37.88405501,SmartBus Terminus Caulfield Station,1.657653474299171,Glenhuntly Station,1.5272584125518898,Tram Stop 29,6.27626244412089
100,caulfield east,145.0419658,-37.88130137,SmartBus Terminus Caulfield Station,0.4500307112562458,Caulfield Station,0.4481491592994945,Tram Stop 29,6.135835735772575
101,caulfield north,145.02158290000003,-37.87204613,SmartBus Terminus Caulfield Station,1.9891921356138331,Malvern Station,0.9278239137166522,Tram Stop 29,4.957740403684494
102,caulfield south,145.0249225,-37.89466808,SmartBus Terminus Caulfield Station,2.5035770076950827,Glenhuntly Station,1.5919070683328422,Tram Stop 29,7.454620024645176
103,chadstone,145.1000823,-37.88234746,Chadstone Bus Interchange,1.5704493819968488,Holmesglen Station,1.1974536014749921,,
104,chelsea,145.1213299,-38.049758399999995,Kananook Station Bus Stop,8.019104600228811,Chelsea Station,0.525797975636904,,
105,chelsea heights,145.13422260000002,-38.04090061,Dandenong Station Bus Interchange,8.736528356187499,Chelsea Station,2.0178863897320736,,
106,cheltenham,145.06155049999998,-37.96342158,Westfield  Southland Bus Interchange,0.9587573273148216,Cheltenham Station,0.710068785121308,,
107,chirnside park,145.3143038,-37.73858041,Lilydale Station Bus Terminus,3.501303425553891,Lilydale Station,3.4937768222650964,,
108,christmas hills,145.313703,-37.65824619,,,,,,
109,chum creek,145.4874083,-37.60515904,,,Yarra Valley Railway,5.922999720379224,,
110,clarinda,145.10599119999998,-37.94309598,Clayton Bus Interchange,2.264099462484512,Clayton Station,2.4220880818065242,,
111,clarkefield,144.7937733,-37.46927982,,,Clarkefield Train Station,4.548703168241761,,
112,clayton,145.13037880000002,-37.91730995,Monash University Bus Interchange,0.3969429378526902,Clayton Station,1.1879197385590852,,
113,clayton south,145.1252352,-37.94309534,Clayton Bus Interchange,1.9797727247226224,Westall Station,1.2674436569767729,,
114,clematis,145.41760580000002,-37.9340866,ベルグレーブ駅バスターミナル (Belgrave Station Bus Interchange),6.126654189202212,Menzies Creek Puffing Billy Station,1.8314695876231435,,
115,clifton hill,144.9975054,-37.79045917,Clifton Hill Interchange,0.5702506814831765,Rushall Station,0.9204498947320982,Tram Stop 8 - Melbourne Central Station/State Library,3.654128475491766
116,clyde,145.3549685,-38.14904438,,,Cranbourne Station,8.446241141554044,,
117,coburg,144.96417350000002,-37.74487967,Bus Stop 2463,0.4893850616009226,Coburg Station,0.3097018360413729,Tram Stop 8 - Melbourne Central Station/State Library,7.228920049430004
118,coburg north,144.9674938,-37.72700611,Bus Stop 2463,1.5843115322600825,Merlynston Station,0.8362178757158467,,
119,cockatoo,145.5127766,-37.92987924,,,Gembrook Station (Heritage) - Puffing Billy Railway,3.8151501889709283,,
120,cocoroc,144.62146950000002,-37.9686425,Werribee Station Bus Interchange,8.484754032799579,Werribee Station,8.412308472974473,,
121,coimadai,144.4866571,-37.59096428,,,,,,
122,coldstream,145.3964784,-37.69860531,Lilydale Station Bus Terminus,7.771153865180171,Lilydale Station,7.702929079505044,,
123,collingwood,144.9881228,-37.80208387,Clifton Hill Interchange,1.8544195836086268,Victoria Park Station,0.6461293615492789,Tram Stop 8 - Melbourne Central Station/State Library,2.289330583228273
124,coolaroo,144.9345697,-37.65675531,Broadmeadows Station Bus Interchange,3.206711276575704,Coolaroo Station,0.8819637420704218,,
125,cottles bridge,145.2231859,-37.60709620000001,,,Hurstbridge Railway Sidings,4.520632707160764,,
126,craigieburn,144.94016530000002,-37.57273497,,,Craigieburn Station,3.275354586945795,,
127,cranbourne,145.27568,-38.10686101,Berwick Station Bus Interchange,9.706165295961627,Cranbourne Station,0.8959144223965939,,
128,cranbourne east,145.3422291,-38.10445718,Berwick Station Bus Interchange,7.300856849056448,Cranbourne Station,5.372273256746675,,
129,cranbourne north,145.2988136,-38.07747037,Berwick Station Bus Interchange,5.910554711292734,Cranbourne Station,2.946256447757203,,
130,cranbourne south,145.2531497,-38.15676939,,,Cranbourne Station,6.75648074812347,,
131,cranbourne west,145.24839680000002,-38.10174456,,,Merinda Park Station,2.782988776512681,,
132,cremorne,144.9927935,-37.82907233,Federation Square Bus Depot,2.403110956486513,East Richmond Station,0.487104667733771,Tram Stop 20 @ Park Street,1.9114705924872653
133,crib point,145.2028955,-38.35235496,,,Crib Point Station,1.475783650093618,,
134,croydon,145.28443869999998,-37.79517002,Ringwood Station Bus Interchange,5.346948251124827,Croydon Station,0.3873028344643537,,
135,croydon hills,145.2671004,-37.77592624,Ringwood Station Bus Interchange,5.498104487000365,Croydon Station,2.471880175783376,,
136,croydon north,145.2839111,-37.77185475,Lilydale Station Bus Terminus,5.810550632184668,Croydon Station,2.6645594527993626,,
137,croydon south,145.2736324,-37.81499099,Ringwood Station Bus Interchange,3.903125668543305,Ringwood East Station,2.104155291464865,,
138,dales creek,144.3029432,-37.52186707,,,,,,
139,dallas,144.93541509999997,-37.67080621,Broadmeadows Station Bus Interchange,1.9719207185372278,Upfield Station,1.110224109697251,,
140,dandenong,145.2122138,-37.98467956,Dandenong Station Bus Interchange,0.5925734378018046,Dandenong Station,0.6121773532669836,,
141,dandenong north,145.214376,-37.95584645,Waverley Gardens Bus Interchange,3.212851198825838,Yarraman Station,3.1630358509330683,,
142,dandenong south,145.218859,-38.020703999999995,Dandenong Station Bus Interchange,3.540187213603147,General Motors Station,2.5419603896613174,,
143,darley,144.40332519999998,-37.64684451,Gell St Bus Stop,4.342436485733877,Bacchus Marsh Station,5.463820891282652,,
144,darraweit guim,144.86973799999998,-37.42249403,Taylors Ln / High St Bus Stop,9.556454690068811,,,,
145,deepdene,145.06640869999998,-37.81210294,Doncaster Park And Ride,4.255346701340214,East Camberwell Station,1.5268551117812255,Tram Stop 29,3.9562302928367297
146,deer park,144.77128369999997,-37.76866744,Alfrieda Street Bus Terminus,3.7917398428935956,Deer Park Station,1.0102953767705314,,
147,delahey,144.7772709,-37.719793599999996,Keilor Plains Station,1.8365591941952837,Watergardens Station,2.1056621205497863,,
148,derrimut,144.7760721,-37.79877919,Sunshine Bus Interchange,5.133312748521006,Deer Park Station,2.360476969362634,,
149,devon meadows,145.31542549999998,-38.19137841,Bus Stop 16188 CHISHOLM TAFE,9.16971456195132,,,,
150,dewhurst,145.46691819999998,-37.98007193,,,Lakeside Station - Puffing Billy Railway,5.5292180411862155,,
151,diamond creek,145.1586468,-37.6669378,Main Street Bus Stops,6.1331554972135445,Diamond Creek Station,0.7192611791814492,,
152,diggers rest,144.6976281,-37.62077733,,,Sunbury Station,5.334553312724386,,
153,dingley village,145.1244427,-37.98771711,Clayton Bus Interchange,6.883973197407522,Mordialloc Station,3.8597765380522775,,
154,dixons creek,145.42815430000002,-37.5868968,Bus Stop 23440,8.218895698227135,Yarra Glen Station - Yarra Valley Railway,9.629767332248335,,
155,docklands,144.9402603,-37.81808533,Southern Cross Station Coach Terminal,1.0830299583078418,Bombardier,0.8646388231564419,Tram Stop D18,0.33317616860833277
156,don valley,145.59226730000003,-37.73633322,Coach Parking,9.946946101483631,Yarra Junction Station,4.583460620351108,,
157,doncaster,145.12390019999998,-37.78488759,Westfield Doncaster Bus Interchange,0.1240504881396439,Box Hill Station,3.819587925681882,,
158,doncaster east,145.1639358,-37.77889275,The Pines Bus Interchange,1.8210144951007428,Nunawading Station,4.721542344256014,,
159,donvale,145.1914194,-37.78979355,The Pines Bus Interchange,3.611940504590051,Mitcham Station,3.1414121539909194,,
160,doreen,145.1431232,-37.59689133,,,Mernda Station,3.770335660632064,,
161,doveton,145.2382628,-37.98896076,Dandenong Station Bus Interchange,2.5084817962563957,General Motors Station,2.421497951444248,,
162,dromana,145.01032659999998,-38.33197437,Bus Stop ID 12697 (788),9.870302515517064,,,,
163,eaglemont,145.0636743,-37.76376262,Bulleen Terminus,3.2473835694539135,Heidelberg Station,0.7779704579634228,Tram Stop 29,7.8190340291926415
164,east melbourne,144.9819005,-37.81285604,Federation Square Bus Depot,1.131037802107502,West Richmond Station,0.8745125143446311,Tram Stop 13 - Federation Square (3/3a/5/6/16/64/67/72),1.3759313093933179
165,east warburton,145.7940488,-37.76400141,Coach Parking,8.120135092469383,,,,
166,eden park,145.07168159999998,-37.4976859,,,,,,
167,edithvale,145.1148991,-38.03756035,Kananook Station Bus Stop,9.449468590987191,Edithvale Station,0.5678099937632402,,
168,elsternwick,145.0070035,-37.88583997,SmartBus Terminus Caulfield Station,3.318336300152962,Elsternwick Station,0.5834408221788226,Tram Stop 29,6.6842023966930215
169,eltham,145.15935890000003,-37.71771316,Main Street Bus Stops,4.89577773188574,Eltham Station,1.121694567729148,,
170,eltham north,145.1424324,-37.69773854,Main Street Bus Stops,3.2179552418053308,Eltham Station,1.8116216448006508,,
171,elwood,144.9855043,-37.88095098,SmartBus Terminus Caulfield Station,5.089250062705285,Ripponlea Station,1.0295874469718207,Tram Stop 20 @ Park Street,5.690795700405559
172,emerald,145.4364724,-37.94606076,ベルグレーブ駅バスターミナル (Belgrave Station Bus Interchange),8.214654099430755,Emerald Station - Puffing Billy Railway,1.4196082479716041,,
173,endeavour hills,145.2560668,-37.96977772,Dandenong Station Bus Interchange,4.630397595191164,General Motors Station,4.598417283130407,,
174,epping,145.0264519,-37.63907386,Bus Stop 10838,6.333515362234847,Epping Station,1.539856869318495,,
175,essendon,144.9109678,-37.74983074,Tram Stop 37,1.6314036835973595,Essendon Station,0.8239933458310383,,
176,essendon fields,144.9004307,-37.72690516,Tram Stop 37,4.138089235172003,Oak Park Station,2.107018419489171,,
177,essendon north,144.90116830000002,-37.73839573,Tram Stop 37,3.1079725411598416,Glenbervie Station,1.9807948561393762,,
178,essendon west,144.8851548,-37.75403988,Tram Stop 37,3.6587255078733523,Essendon Station,2.7292293084600643,,
179,eumemmerring,145.2482726,-37.99779901,Dandenong Station Bus Interchange,3.5054599226253433,General Motors Station,1.413786159668709,,
180,eynesbury,144.53094099999998,-37.75508942,Woodgrove Bus Stop,8.309892881932704,Melton Station,6.804504247458186,,
181,fairfield,145.0158219,-37.78449129,Clifton Hill Interchange,1.9183146531606572,Alphington Station,1.5073136372782505,Tram Stop 29,4.856389372759022
182,fawkner,144.96960090000002,-37.7051877,Bus Stop 2463,4.0107115016183,Gowrie Station,1.0593897135818986,,
183,ferntree gully,145.2804945,-37.88427327,Knox City Bus Interchange,4.036295420684893,Ferntree Gully Station,1.329981628751713,,
184,ferny creek,145.3350881,-37.875214299999996,ベルグレーブ駅バスターミナル (Belgrave Station Bus Interchange),4.209772699653131,Upper Ferntree Gully Station,3.09600851606983,,
185,fingal,144.8499448,-38.41400162,Bus Stop ID 12697 (788),7.86538195067412,,,,
186,fitzroy,144.97913269999998,-37.80100966,Federation Square Bus Depot,1.940821077918139,Victoria Park Station,1.364382321238921,Tram Stop 8 - Melbourne Central Station/State Library,1.6568708522246163
187,fitzroy north,144.9843175,-37.7840578,Clifton Hill Interchange,0.893317751744386,Rushall Station,0.7319822423688211,Tram Stop 8 - Melbourne Central Station/State Library,3.3853698617061756
188,flemington,144.9193935,-37.78673154,Moonee Ponds Junction Bus Stop,2.2832095949234277,Kensington Station,1.2554825912069405,Tram Stop D18,4.268153332689061
189,flinders,144.97827709999999,-38.45837683,,,East Creek Miniature Railway,9.607817071593338,,
190,footscray,144.8973521,-37.7981502,Yarraville Bus Depot,2.13442963547228,Footscray Station,0.5383045439890317,Tram Stop D18,4.655526670560896
191,forest hill,145.1710457,-37.83987942,Glen Waverley Bus Interchange,4.440405872722324,Nunawading Station,2.1745507115369715,,
192,frankston,145.14567399999999,-38.14813777,フランクストン駅バスターミナル (Frankston Station Bus Interchange),1.8447531247726765,Leawarra Station,0.691404557987855,,
193,frankston north,145.163835,-38.123921100000004,Kananook Station Bus Stop,2.5322807611154636,Kananook Station,2.5160864808639114,,
194,frankston south,145.12945249999999,-38.17642154,フランクストン駅バスターミナル (Frankston Station Bus Interchange),3.756600926684522,Leawarra Station,2.848440695857644,,
195,gardenvale,145.00906,-37.89810599,SmartBus Terminus Caulfield Station,3.782479396476478,Elsternwick Station,1.700719279512015,Tram Stop 29,7.974448318387721
196,gembrook,145.63359509999998,-37.9452765,Bus Stop 12561 (695/695F/840),7.176846550215325,Gembrook Station,7.4365562224576465,,
197,gisborne,144.5689648,-37.51122597,Bus Stop,3.3637542720659477,Gisborne Station,6.350336691787186,,
198,gisborne south,144.6242544,-37.54876158,,,Sunbury Station,9.763275022371758,,
199,gladstone park,144.8945003,-37.68991136,Broadmeadows Station Bus Interchange,2.297782408318518,Jacana Station,1.9683252912105564,,
200,gladysdale,145.6424635,-37.8390244,Cairncroft Avenue Bus Stop,9.336538395475001,Yarra Junction Station,7.74568258893136,,
201,glen huntly,145.04134019999998,-37.89237316,SmartBus Terminus Caulfield Station,1.6739861418852695,Glenhuntly Station,0.27489875709685213,Tram Stop 29,7.326666237317804
202,glen iris,145.06459919999998,-37.85579314,SmartBus Terminus Caulfield Station,3.0471295309531263,Glen Iris Station,0.6614944782833606,Tram Stop 29,4.632927210284776
203,glen waverley,145.1681804,-37.88161401,Glen Waverley Bus Interchange,0.5295684831323553,Glen Waverley Station,0.5198523265787025,,
204,glenroy,144.927355,-37.70284754,Broadmeadows Station Bus Interchange,2.337868251811541,Glenroy Station,0.9044799302000363,,
205,goldie,144.82162759999997,-37.30805083,,,,,,
206,gowanbrae,144.8974111,-37.70297493,Broadmeadows Station Bus Interchange,2.9338995160100585,Glenroy Station,1.7666045781895052,,
207,greendale,144.29625719999999,-37.56401933,,,,,,
208,greensborough,145.10733000000002,-37.69880969,Main Street Bus Stops,0.543877503460288,Greensborough Station,0.5752192516754245,,
209,greenvale,144.87326159999998,-37.64632419,SkyBus T1 Bus Stop,3.263567717561062,platform 1 coolaroo station,4.931082086514024,,
210,gruyere,145.4654998,-37.73011495,Bus Stop,9.59738334601664,Yarra Valley Railway,9.189020841854152,,
211,guys hill,145.39060769999998,-38.01425974,Main street,4.376227715884949,Beaconsfield Station,4.596363403173043,,
212,hadfield,144.9502945,-37.71013803,Bus Stop 2463,3.770417163217445,Fawkner Railway Station,1.034897891877611,,
213,hallam,145.2686404,-38.00716982,Fountain Gate Bus Interchange,3.3419801291168096,Hallam Station,1.1847001166503288,,
214,hampton,145.00911059999999,-37.93740009,Bus Interchange - Moorabbin Station,2.4542862677821917,Hampton Station,0.6581538333166559,Tram Stop 139,8.021601506070864
215,hampton east,145.03070669999997,-37.93855158,Bus Interchange - Moorabbin Station,0.6592201411568944,Moorabbin Station,0.6808738541383422,Tram Stop 139,8.923762433894481
216,hampton park,145.26860480000002,-38.03855643,Fountain Gate Bus Interchange,3.712390897846597,Hallam Station,2.308575246468692,,
217,harkaway,145.3591401,-37.99438495,Main street,4.248190074345535,Berwick Station,5.176929923027725,,
218,hastings,145.1840529,-38.29679517,,,Hastings station,0.98555944895783,,
219,hawthorn,145.0317055,-37.82446802,Clifton Hill Interchange,5.3952002290629,Glenferrie Station,0.527391408513103,Tram Stop 29,0.613301118802561
220,hawthorn east,145.0499684,-37.8313479,SmartBus Terminus Caulfield Station,5.142117397500134,Camberwell Station,0.9034566999096664,Tram Stop 29,2.1621326631675473
221,healesville,145.5487134,-37.62388649,,,Yarra Valley Railway,4.8708772456747695,,
222,heath hill,145.6868271,-38.26395695,,,Nyora Station - South Gippsland Railway,7.805732771616433,,
223,heathcote junction,145.0420908,-37.38174904,,,Heathcote Junction Station,1.721333532342572,,
224,heatherton,145.0931863,-37.95609837,Westfield  Southland Bus Interchange,3.502036105376169,Cheltenham Station,3.5814648850302273,,
225,heathmont,145.2439414,-37.83068086,Ringwood Bus Terminal,1.533118040067642,Heathmont Station,0.26753602791450926,,
226,heidelberg,145.06975880000002,-37.75252137,Bulleen Terminus,3.271926422553108,Heidelberg Station,0.9365147292401065,,
227,heidelberg heights,145.0528022,-37.74543796,Bulleen Terminus,4.948146054494426,Rosanna Station,1.205864152224341,,
228,heidelberg west,145.04357819999998,-37.73811937,Bulleen Terminus,6.078389850670379,Rosanna Station,2.0482338574340226,,
229,hesket,144.65570269999998,-37.35156834,,,,,,
230,highett,145.0397814,-37.95040404,Westfield  Southland Bus Interchange,1.443660608721938,Highett Station,0.2874748260832251,,
231,hillside,144.74170800000002,-37.69047142,Keilor Plains Station,6.340551737097356,Watergardens Station,3.0736177468711436,,
232,hmas cerberus,145.1982325,-38.38108731,,,Crib Point Station,1.79126136221144,,
233,hoddles creek,145.60474519999997,-37.86395331,Cairncroft Avenue Bus Stop,9.802488647054357,Yarra Junction Station,9.675424901990201,,
234,hopetoun park,144.5015861,-37.69500792,Woodgrove Bus Stop,5.652173066705205,Bacchus Marsh Station,5.6820972849135405,,
235,hoppers crossing,144.6952468,-37.86665147,Werribee Station Bus Interchange,4.688468017489457,Hoppers Crossing Station,1.9080700716312646,,
236,hughesdale,145.0811666,-37.89950728,Oakleigh Station Bus Interchange,0.6219347989791705,Hughesdale Station,0.6110132208929459,,
237,humevale,145.1928073,-37.50227622,Strathy Bus Stop,8.320147655450585,,,,
238,huntingdale,145.10846919999997,-37.90765023,Princes Hwy Bus Stop Id 1549 McD,1.7042177788971749,Huntingdale Station,0.6223841902858464,,
239,hurstbridge,145.1943595,-37.63756021,,,Hurstbridge Railway Sidings,0.29006161208240916,,
240,ivanhoe,145.0430782,-37.76901265,Clifton Hill Interchange,4.70911582210372,Ivanhoe Station,0.21327471736273607,Tram Stop 29,6.666915560333984
241,ivanhoe east,145.0618332,-37.77338176,Bulleen Terminus,3.3571043563611527,Ivanhoe Station,1.5276504057878015,Tram Stop 29,6.790774795551062
242,jacana,144.91114,-37.68785582,Broadmeadows Station Bus Interchange,0.8873080241194264,Jacana Station,0.9077731235449515,,
243,junction village,145.29685969999997,-38.13632948,,,Cranbourne Station,4.250204765912848,,
244,kallista,145.41170019999998,-37.90120467,ベルグレーブ駅バスターミナル (Belgrave Station Bus Interchange),5.063682900173531,Menzies Creek Puffing Billy Station,2.2531702366508526,,
245,kalorama,145.372108,-37.8193901,Lilydale Station Bus Terminus,7.319428475601865,"mooroolbark station, platform 1",6.499681484760701,,
246,kangaroo ground,145.2316915,-37.68915635,The Pines Bus Interchange,9.903776863282726,Wattle Glen Station,5.201951950060488,,
247,kealba,144.8283059,-37.73713376,Alfrieda Street Bus Terminus,2.546805395145928,St Albans Station,2.65895900654263,,
248,keilor,144.8250259,-37.71133462,Keilor Plains Station,3.4272317355468562,St Albans Station,4.324788857038801,,
249,keilor downs,144.8047536,-37.72061845,Keilor Plains Station,1.3996363199378783,St Albans Station,2.7096810772319553,,
250,keilor east,144.8560985,-37.73837163,Keilor Plains Station,5.567681477654002,Ginifer Station,4.614108500081256,,
251,keilor lodge,144.79974909999999,-37.69838999,Keilor Plains Station,3.524202087754399,Watergardens Station,2.2947826452654514,,
252,keilor north,144.7930147,-37.68161742,SkyBus T2/T3/T4 Bus Stop,5.044879598469445,Watergardens Station,2.7318368178142958,,
253,keilor park,144.85089630000002,-37.71870659,Long Term Car Park Bus Shelter E,4.6032878765918746,St Albans Station,5.3575923750718175,,
254,kensington,144.927044,-37.79435472,Moonee Ponds Junction Bus Stop,3.0890074316365905,Kensington Station,0.30238189962309264,Tram Stop D18,3.2127578865947584
255,kew,145.0333005,-37.80336402,Clifton Hill Interchange,3.9474753200486137,Glenferrie Station,2.035310884996629,Tram Stop 29,2.758324548595975
256,kew east,145.05277180000002,-37.79043115,Doncaster Park And Ride,4.593398745814311,Alphington Station,2.328891230939561,Tram Stop 29,4.747726230554493
257,keysborough,145.1673378,-38.00538047,Dandenong Station Bus Interchange,4.112258748103024,Yarraman Station,3.726117562060678,,
258,kilmore,144.92748909999997,-37.30610891,,,Kilmore East Station,5.157628150819548,,
259,kilmore east,145.0112212,-37.27827620000001,,,Kilmore East Station,2.9884178915901978,,
260,kilsyth,145.3172159,-37.81446087,Lilydale Station Bus Terminus,6.942982478010046,"mooroolbark station, platform 1",3.3044508365572094,,
261,kilsyth south,145.3109853,-37.83149559,Ringwood Bus Terminal,7.400314896936536,Bayswater Station,3.9373141540345196,,
262,kinglake,145.3459562,-37.55270448,Strathy Bus Stop,6.9836837725372565,,,,
263,kinglake central,145.35234780000002,-37.46980278,Kinglake West Vline Bus Stop,8.986562063091794,,,,
264,kinglake west,145.2485439,-37.50305436,Strathy Bus Stop,5.281660671413027,,,,
265,kings park,144.7719496,-37.73371641,Keilor Plains Station,1.98033946712572,St Albans Station,2.7313700787488693,,
266,kingsbury,145.033807,-37.71610538,Latrobe Bus Interchange,0.893226557260795,Ruthven Station,2.3257228421483265,,
267,kingsville,144.8793757,-37.80887184,Yarraville Bus Depot,1.1921229187588136,West Footscray Station,0.944155489678199,Tram Stop D18,5.657484447168433
268,knoxfield,145.2496398,-37.88976687,Ferntree Gully Road,1.8324296537886766,Ferntree Gully Station,4.11181032184705,,
269,koo wee rup,145.4732544,-38.18682373,Koo Wee Rup Clock Tower,2.0537369435502595,,,,
270,kooyong,145.035788,-37.84138216,SmartBus Terminus Caulfield Station,4.04606093664243,Tooronga Station,1.0400396659958122,Tram Stop 29,1.7691586183229233
271,korobeit,144.3314666,-37.5156278,,,,,,
272,kurunjang,144.5904612,-37.66414422,Woodgrove Bus Stop,3.26828954397649,Melton Station,4.633147034272744,,
273,lalor,145.0039617,-37.66296949,Bus Stop 10838,3.649768731298902,Lalor Station,1.2256680848829087,,
274,lancefield,144.702143,-37.25281514,,,,,,
275,langwarrin,145.1974007,-38.15454015,フランクストン駅バスターミナル (Frankston Station Bus Interchange),6.413373185461489,Leawarra Station,5.082421161960091,,
276,langwarrin south,145.1910016,-38.18903518,フランクストン駅バスターミナル (Frankston Station Bus Interchange),7.688422808822662,Somerville Station,4.240206748707262,,
277,launching place,145.5699449,-37.77517113,Cairncroft Avenue Bus Stop,0.8043231735455442,Yarra Junction Station,2.8868300180629665,,
278,laverton,144.7735408,-37.85704829,Sunshine Bus Interchange,9.31257327870427,Laverton Station,0.7576683113735492,,
279,laverton north,144.787153,-37.83002294,Sunshine Bus Interchange,6.1925462597297924,Laverton Station,3.97088816743998,,
280,lilydale,145.3678294,-37.75562323,Lilydale Station Bus Terminus,1.8410802197262317,Lilydale Station,1.8067081493291761,,
281,long forest,144.50696010000001,-37.65579365,Woodgrove Bus Stop,6.025762815997751,Bacchus Marsh Station,7.055089144327815,,
282,lower plenty,145.1162813,-37.73876586,Bulleen Terminus,3.758660497474346,Meadmore Junction Platform,2.350516036123147,,
283,lynbrook,145.2561533,-38.05586176,Fountain Gate Bus Interchange,5.784289318681101,Lynbrook Station,0.749287859230139,,
284,lyndhurst,145.24939730000003,-38.06952181,Fountain Gate Bus Interchange,7.29779639804988,Lynbrook Station,1.3991872734410655,,
285,lysterfield,145.29083119999999,-37.92700265,ベルグレーブ駅バスターミナル (Belgrave Station Bus Interchange),5.971657465230486,Upper Ferntree Gully Station,4.092823886187547,,
286,lysterfield south,145.2669745,-37.95250125,Dandenong Station Bus Interchange,6.503973755821075,Dandenong Station,6.512808774817763,,
287,macclesfield,145.4889028,-37.87852915,,,Lakeside Station - Puffing Billy Railway,6.325834809892545,,
288,macedon,144.5559274,-37.42852587,,,Macedon Station,0.8354763300773588,,
289,macleod,145.0698726,-37.72046648,Latrobe Bus Interchange,2.3237861818795538,Macleod Station,0.6286947846266603,,
290,maddingley,144.42715249999998,-37.69422999,Gell St Bus Stop,2.3327726813579837,Bacchus Marsh Station,1.1853994152677034,,
291,maidstone,144.87415190000002,-37.78192436,Sunshine Bus Interchange,3.7134456342068054,Tottenham Station,2.143293382021521,Tram Stop D18,7.359753254693293
292,main ridge,144.96661909999997,-38.40029252,Bus Stop ID 12697 (788),7.514265108755673,East Creek Miniature Railway,9.69231259067236,,
293,malvern,145.0350548,-37.85762708,SmartBus Terminus Caulfield Station,2.3039995476236714,Tooronga Station,1.078298882995957,Tram Stop 29,3.4387574483875394
294,malvern east,145.06576769999998,-37.87682395,Monash Caulfield Bus,1.890066259448607,East Malvern Station,0.31528719226900825,Tram Stop 29,6.502055608171226
295,maribyrnong,144.8877529,-37.77270532,Moonee Ponds Junction Bus Stop,3.3212555325153206,Flemington Racecourse Station,2.3506008888660594,Tram Stop D18,7.155656502893471
296,marysville,145.7472699,-37.51198995,,,,,,
297,mccrae,144.9337677,-38.36002189,Bus Stop 13175,1.378104075281469,,,,
298,mckinnon,145.0382061,-37.91065932,Bus Interchange - Moorabbin Station,2.7253271838727846,McKinnon Station,0.030017409943184564,,
299,mcmahons creek,145.97609599999998,-37.65128675,,,,,,
300,meadow heights,144.9185206,-37.65116794,Broadmeadows Station Bus Interchange,3.5176965385554233,Coolaroo Station,1.2697272020804986,,
301,melbourne,144.9722725,-37.822624,Federation Square Bus Depot,0.6537657042436683,Flinders Street Station,0.695199868363158,Tram Stop 13 - Federation Square (3/3a/5/6/16/64/67/72),0.627085512353357
302,melbourne airport,144.83653569999998,-37.676438700000006,Bus Stop 47997 - Melbourne Airport (901),1.2116220180461281,Watergardens Station,6.158016582784824,,
303,melton,144.5889302,-37.68409339,Woodgrove Bus Stop,2.16254254432683,Melton Station,2.5902448644323353,,
304,melton south,144.5876861,-37.72058572,Woodgrove Bus Stop,4.438875288527178,Melton Station,2.3533833576928416,,
305,melton west,144.5425878,-37.66487372,Woodgrove Bus Stop,2.9602946080386774,Melton Station,5.002530146149941,,
306,mentone,145.06899140000002,-37.98166949,Westfield  Southland Bus Interchange,2.9939878966790117,Mentone Station,0.352036089986014,,
307,menzies creek,145.401304,-37.92368169,ベルグレーブ駅バスターミナル (Belgrave Station Bus Interchange),4.349049125653697,Menzies Creek Puffing Billy Station,0.46506966466493027,,
308,mernda,145.0818941,-37.59215878,,,Mernda Station,2.02904465445669,,
309,merricks north,145.0767303,-38.34518457,,,Morradoo Station,9.951688537070517,,
310,merrimu,144.47723019999998,-37.65713042,Woodgrove Bus Stop,8.297589144589523,Bacchus Marsh Station,4.860552338062598,,
311,mickleham,144.9020121,-37.53662484,Ned Kelly Junction,5.863459728226639,Donnybrook Station,6.051712450012011,,
312,middle park,144.9620404,-37.85114609,Federation Square Bus Depot,3.8590151050920842,Prahran Station,2.4677609941662224,Tram Stop 20 @ Park Street,2.3827227429937587
313,mill park,145.064468,-37.66397499,Bus Stop 10838,5.719195974577728,South Morang Station,1.6997771299302091,,
314,millgrove,145.6547294,-37.7530915,Coach Parking,4.399572242794921,Yarra Junction Station,5.28975599523873,,
315,mitcham,145.19904509999998,-37.81816167,Ringwood Station Bus Interchange,2.682801242334425,Mitcham Station,0.5065884631535792,,
316,monbulk,145.4284925,-37.87415035,ベルグレーブ駅バスターミナル (Belgrave Station Bus Interchange),7.562254839843132,Menzies Creek Puffing Billy Station,5.572705570751561,,
317,monegeetta,144.80536180000001,-37.39688644,,,,,,
318,mont albert,145.1075325,-37.81754718,Box Hill Bus Station,1.3236455586506974,Mont Albert Station,0.29835187509595135,Tram Stop 29,7.272668097776068
319,mont albert north,145.11089840000002,-37.80355576,Doncaster Park And Ride,1.7093642715768145,Mont Albert Station,1.8482653229530164,Tram Stop 29,7.943336544943256
320,montmorency,145.1253152,-37.71897276,Main Street Bus Stops,2.359589645707849,Montmorency Station,0.5022164315038254,,
321,montrose,145.3479256,-37.81115585,Lilydale Station Bus Terminus,6.063068595990677,"mooroolbark station, platform 1",4.271126430730718,,
322,moonee ponds,144.921483,-37.76564954,Moonee Ponds Junction Bus Stop,0.2981181067561972,Moonee Ponds Station,0.20248027388901466,Tram Stop 8 - Melbourne Central Station/State Library,6.19263675982084
323,moorabbin,145.05781059999998,-37.94146082,Westfield  Southland Bus Interchange,1.8428046129436404,Highett Station,1.5859827685048868,,
324,moorabbin airport,145.0995597,-37.97747032,Westfield  Southland Bus Interchange,4.61308609007781,Parkdale Station,2.6780236978153726,,
325,moorooduc,145.1190349,-38.24698678,,,Somerville Station,5.5346005702630645,,
326,mooroolbark,145.3257059,-37.78136491,Lilydale Station Bus Terminus,3.3323712328840647,"mooroolbark station, platform 1",1.234274016163041,,
327,mordialloc,145.09614530000002,-37.99942253,Westfield  Southland Bus Interchange,5.963922836251975,Mordialloc Station,1.099541503763249,,
328,mornington,145.0602598,-38.23042889,Bus Stop Surrey St/Main St,1.4428539330450245,Tanti Station - Mornington Railway,0.41454963061229266,,
329,mount cottrell,144.6556794,-37.78913174,,,Rockbank Station,6.685306661116113,,
330,mount dandenong,145.35508810000002,-37.83213536,Lilydale Station Bus Terminus,8.421482087512148,"mooroolbark station, platform 1",6.446539093309033,,
331,mount eliza,145.09285569999997,-38.19505,フランクストン駅バスターミナル (Frankston Station Bus Interchange),6.487731967608005,Leawarra Station,6.286757802303935,,
332,mount evelyn,145.38818999999998,-37.78726608,Lilydale Station Bus Terminus,4.982349331262608,Lilydale Station,5.0010031730502185,,
333,mount macedon,144.5931926,-37.39297783,,,Macedon Station,4.327035546059334,,
334,mount martha,145.0307727,-38.27541622,Bus Stop Surrey St/Main St,5.390783713902196,Tanti Station - Mornington Railway,6.032909814646858,,
335,mount waverley,145.1284759,-37.87840925,Glen Waverley Bus Interchange,3.028291317689478,Mount Waverley Station,0.34882235754119084,,
336,mulgrave,145.1759481,-37.92574092,Waverley Gardens Bus Interchange,1.5392076311170835,Springvale Station,3.2866772155853625,,
337,murrumbeena,145.0703594,-37.8968573,Chadstone Bus Interchange,1.5377799708898519,Hughesdale Station,0.6706664054942463,,
338,myrniong,144.35005869999998,-37.62015118,Gell St Bus Stop,9.830446715162198,,,,
339,narbethong,145.7221611,-37.51093608,,,,,,
340,narre warren,145.30592080000002,-38.01796652,Fountain Gate Bus Interchange,0.28249900462897276,Narre Warren Station,1.09962518070869,,
341,narre warren east,145.3337194,-37.95254489,ベルグレーブ駅バスターミナル (Belgrave Station Bus Interchange),5.118350154440886,Tecoma Station,4.991373928824085,,
342,narre warren north,145.31276499999998,-37.98136361,Fountain Gate Bus Interchange,4.313339983440728,Narre Warren Station,5.205331622490433,,
343,narre warren south,145.301909,-38.05438011,Fountain Gate Bus Interchange,3.873236241630976,Narre Warren Station,2.967480512130338,,
344,new gisborne,144.615309,-37.45239944,,,Gisborne Station,1.644453571442623,,
345,newham,144.603678,-37.29959781,,,Woodend Train Station,9.537396725021603,,
346,newport,144.8803477,-37.843689700000006,Newport Interchange,0.22235669491238313,Newport Station,0.2959738718613955,Tram Stop D18,5.979082606882045
347,niddrie,144.88481399999998,-37.73978396,Tram Stop 37,4.182679188950518,Glenbervie Station,3.2652855897939967,,
348,noble park,145.17670080000002,-37.96955909,Dandenong Station Bus Interchange,3.6583575169840143,Noble Park Station,0.2322036926025859,,
349,noble park north,145.1908219,-37.95119131,Waverley Gardens Bus Interchange,1.734197217629824,Noble Park Station,2.169144386632326,,
350,north melbourne,144.9451553,-37.7985244,Firefly Coaches,2.022429734676296,Macaulay Station,0.9011066331432468,Tram Stop 8 - Melbourne Central Station/State Library,2.1012042929624246
351,north warrandyte,145.21553469999998,-37.72580355,The Pines Bus Interchange,5.847522214052937,Eltham Station,6.126286963558367,,
352,northcote,145.0010249,-37.77284,Clifton Hill Interchange,1.5891167535402888,Northcote Station,0.6108374506020633,Tram Stop 8 - Melbourne Central Station/State Library,5.252171102227465
353,notting hill,145.14558689999998,-37.90559651,Monash University Bus Interchange,1.5247647803989768,Clayton Station,3.0525374258251654,,
354,nunawading,145.17652569999998,-37.81735478,Eastern Fwy/M'borough Rd Bus Stop,3.6960183984112356,Nunawading Station,0.3797899797470392,,
355,nutfield,145.1854732,-37.60213216,,,Hurstbridge Station,4.205110448694208,,
356,oak park,144.91709699999998,-37.71761025,Broadmeadows Station Bus Interchange,3.86063828381576,Oak Park Station,0.3940047844952674,,
357,oaklands junction,144.8537672,-37.60540770000001,SkyBus T1 Bus Stop,7.132837603882538,Craigieburn Station,7.8763427629819684,,
358,oakleigh,145.0957033,-37.90067509,Oakleigh Station Bus Interchange,0.664230268939127,Oakleigh Station,0.6665852959210908,,
359,oakleigh east,145.1153419,-37.9039678,Princes Hwy Bus Stop Id 1549 McD,1.4629395632038618,Huntingdale Station,1.3511077047989275,,
360,oakleigh south,145.09420749999998,-37.92442924,Huntingdale Station Bus Stop (Stop ID 22440),1.660560366661169,Huntingdale Station,1.6633125275208485,,
361,officer,145.4114104,-38.05427126,Berwick Station Bus Interchange,6.079199353144155,Officer Station,1.3257754504885246,,
362,olinda,145.38548459999998,-37.84372724,ベルグレーブ駅バスターミナル (Belgrave Station Bus Interchange),7.790507288708845,Belgrave Puffing Billy Station,7.507863154462883,,
363,ormond,145.04141299999998,-37.9038867,SmartBus Terminus Caulfield Station,2.9482047391907584,Ormond Station,0.18172721485135615,,
364,pakenham,145.4848312,-38.07343207,,,Pakenham Station,0.7618534037774665,,
365,pakenham south,145.4927613,-38.13862053,Koo Wee Rup Clock Tower,6.799456654153648,Pakenham Station,6.507318356461638,,
366,pakenham upper,145.50765619999999,-38.00777658,,,Gembrook Station,7.201083155621424,,
367,panton hill,145.2476744,-37.64425724,,,Hurstbridge Railway Sidings,4.881917033422746,,
368,park orchards,145.21465619999998,-37.77689019,The Pines Bus Interchange,4.3633776240368185,Ringwood Station,4.479805486484599,,
369,parkdale,145.0812549,-37.99190326,Westfield  Southland Bus Interchange,4.518414810909465,Parkdale Station,0.436423476501927,,
370,parkville,144.9515524,-37.78706543,Firefly Coaches,3.180471915425028,Royal Park Station,0.6533157289794049,Tram Stop 8 - Melbourne Central Station/State Library,2.7768539315834544
371,parwan,144.444221,-37.77267974,,,Bacchus Marsh Station,9.445547294956869,,
372,pascoe vale,144.9379376,-37.72504773,Bus Stop 2463,3.1593842636738594,Pascoe Vale Station,1.0684396459391337,,
373,pascoe vale south,144.9384779,-37.74343203,Tram Stop 37,1.9349513099914488,Strathmore Station,1.0116827244379158,Tram Stop 8 - Melbourne Central Station/State Library,7.727236000058153
374,patterson lakes,145.1432514,-38.069426299999996,Kananook Station Bus Stop,5.787221935182758,Carrum Station,1.9275809834389974,,
375,pearcedale,145.2421548,-38.20158970000001,,,Somerville Station,6.366576943861736,,
376,pheasant creek,145.2745039,-37.45368374,Kinglake West Vline Bus Stop,3.612609579510883,,,,
377,plenty,145.1124186,-37.66741939,Main Street Bus Stops,4.056501142548044,Diamond Creek Station,4.09108618934181,,
378,plumpton,144.6908291,-37.68697935,,,Rockbank Station,5.811661946196038,,
379,point cook,144.7532575,-37.90648838,Werribee Station Bus Interchange,8.189424822018745,Williams Landing Station,4.089378575071903,,
380,point leo,145.0693983,-38.41501931,,,East Creek Miniature Railway,0.5977751909689517,,
381,port melbourne,144.92225439999999,-37.83320502,Southern Cross Station Coach Terminal,3.2480473129989527,Southern Cross Station,3.142702944053896,Tram Stop D18,2.2055264239917842
382,portsea,144.7004675,-38.32284425,Bus to Conti!,1.289499448758339,Queenscliff Station - Bellarine Peninsula Railway,7.331470169638547,,
383,powelltown,145.74760419999998,-37.86246798,,,,,,
384,prahran,145.0005947,-37.8518848,SmartBus Terminus Caulfield Station,4.694104090947944,Hawksburn Station,0.8033293397942489,Tram Stop 20 @ Park Street,3.4770880377179547
385,preston,145.0078238,-37.74191979,Bus Stop 2463,3.565413846795001,Preston Station,0.7349849640198443,Tram Stop 8 - Melbourne Central Station/State Library,8.48162012012832
386,princes hill,144.9665361,-37.78185202,Clifton Hill Interchange,2.4759643282369046,Tram Stop 115 (melbourne general cemetary east),0.8686917946259911,Tram Stop 8 - Melbourne Central Station/State Library,3.132506240373062
387,ravenhall,144.7447852,-37.78792385,Alfrieda Street Bus Terminus,6.951371568280955,Caroline Springs Station,2.4607781642345468,,
388,red hill,145.01596,-38.36330674,Bus Stop ID 12697 (788),10.0272848501597,East Creek Miniature Railway,7.957693481606478,,
389,red hill south,145.0461877,-38.40118994,,,East Creek Miniature Railway,3.1360475136259542,,
390,research,145.1890477,-37.70658238,The Pines Bus Interchange,6.507587207386663,Eltham Station,3.717243412703678,,
391,reservoir,145.0069134,-37.71235511,Latrobe Bus Interchange,3.2998428455213253,Reservoir Station,0.4814883483393822,,
392,richmond,145.002492,-37.8203963,Federation Square Bus Depot,2.872487712883022,East Richmond Station,0.8166842145843924,Tram Stop 29,2.206139819075324
393,riddells creek,144.6777093,-37.43828545,Bus Stop,9.332687116425797,Riddells Creek Station,2.9717017696424874,,
394,ringwood,145.23346619999998,-37.81137062,Ringwood Station Bus Interchange,0.5739364667518944,Ringwood Station,0.6153043584532826,,
395,ringwood east,145.25303449999998,-37.81315599,Ringwood Station Bus Interchange,2.1034231224241533,Ringwood East Station,0.2943130541766521,,
396,ringwood north,145.23119340000002,-37.79301952,Ringwood Station Bus Interchange,2.484327946374624,Ringwood Station,2.5159359578640093,,
397,ripponlea,144.9952712,-37.87781376,SmartBus Terminus Caulfield Station,4.214764307257709,Ripponlea Station,0.19661429333552738,Tram Stop 20 @ Park Street,5.6162883450081855
398,rockbank,144.65758730000002,-37.7250125,Woodgrove Bus Stop,9.331359720778739,Rockbank Station,0.6955612995084891,,
399,romsey,144.7283157,-37.3523401,,,,,,
400,rosanna,145.0696366,-37.73956398,Bulleen Terminus,4.289580242838864,Rosanna Station,0.4752324639597485,,
401,rosebud,144.90947749999998,-38.37099603,Bus Stop 13175,3.036467271665399,,,,
402,rosebud west,144.8755369,-38.37374692,Bus Stop 13175,5.4460141529001085,,,,
403,rowsley,144.34072340000003,-37.76941174,,,,,,
404,rowville,145.24480400000002,-37.92390539,Ferntree Gully Road,2.959533398193949,Ferntree Gully Station,6.4608488630296215,,
405,roxburgh park,144.925567,-37.62578078,Broadmeadows Station Bus Interchange,6.361667814232942,Roxburgh Park Station,1.6086571161225167,,
406,rye,144.80991880000002,-38.38218183,Bus Stop ID 12697 (788),8.524740809994116,,,,
407,safety beach,145.00023240000002,-38.31534002,Bus Stop ID 12697 (788),9.73108094366513,,,,
408,sandhurst,145.20868180000002,-38.08211547,Kananook Station Bus Stop,7.769898631746314,Lynbrook Station,4.418650942124226,,
409,sandringham,145.01381469999998,-37.95332016,Bus Interchange - Moorabbin Station,2.8571127847251625,Sandringham Station,0.9108193278664124,Tram Stop 139,9.829711207500038
410,sassafras,145.3568788,-37.86780632,ベルグレーブ駅バスターミナル (Belgrave Station Bus Interchange),4.648098471463297,Belgrave Puffing Billy Station,4.3960298134507765,,
411,scoresby,145.21828,-37.90257564,Ferntree Gully Road,1.3051013938543299,Glen Waverley Station,5.502996405398777,,
412,seabrook,144.75867380000003,-37.88093452,Werribee Station Bus Interchange,8.847123094307866,Aircraft Station,1.5564224784344727,,
413,seaford,145.138402,-38.10484716,Kananook Station Bus Stop,1.8340359458149742,Seaford Station,0.9006414780239936,,
414,seaholme,144.84514319999997,-37.86396261,Newport Interchange,4.051472981984675,Seaholme Station,0.5518495064227676,Tram Stop D18,9.766085383421542
415,seddon,144.8916288,-37.80677066,Yarraville Bus Depot,1.0747860576084665,Seddon Station,0.43280758138669906,Tram Stop D18,4.687876805653091
416,selby,145.378423,-37.91872123,ベルグレーブ駅バスターミナル (Belgrave Station Bus Interchange),2.2826558303031823,Selby Station - Puffing Billy Railway,0.8210636980106516,,
417,seville,145.4755313,-37.79263791,Bus Stop 8922 - Five Ways,9.981717868851835,,,,
418,seville east,145.5031747,-37.77857591,Cairncroft Avenue Bus Stop,5.476706741353121,Yarra Junction Station,8.765585462583026,,
419,sherbrooke,145.3648706,-37.89120132,ベルグレーブ駅バスターミナル (Belgrave Station Bus Interchange),2.221052405493598,Belgrave Puffing Billy Station,1.9366861822379833,,
420,shoreham,145.0516917,-38.42443842,,,East Creek Miniature Railway,2.201440380970664,,
421,silvan,145.444445,-37.83416534,,,,,,
422,skye,145.21633830000002,-38.10503997,Kananook Station Bus Stop,7.340282896835995,Merinda Park Station,5.0305967145589925,,
423,smiths gully,145.2883093,-37.62698748,Strathy Bus Stop,8.933425427936236,Hurstbridge Railway Sidings,8.562724605857662,,
424,somers,145.1726183,-38.39230121,,,Crib Point Station,4.040351090031491,,
425,somerville,145.1981231,-38.2327704,,,Somerville Station,2.105562905567805,,
426,sorrento,144.7420688,-38.34472269,Bus to Conti!,3.1838693347945712,,,,
427,south kingsville,144.87103069999998,-37.83023593,Newport Interchange,1.6928225180596945,Newport Station,1.78630158067724,Tram Stop D18,6.321047264991181
428,south melbourne,144.9569722,-37.83347256,SkyBus Terminal,1.937126505403049,Southern Cross Station,1.715536128605915,Tram Stop 20 @ Park Street,1.2843251069439443
429,south morang,145.08365700000002,-37.63168106,Main Street Bus Stops,8.246757798950457,South Morang Station,2.3570795283234935,,
430,south wharf,144.9494054,-37.825361799999996,Southern Cross Station Coach Terminal,1.0411370945534895,Southern Cross Station,0.8251274608632116,Tram Stop D18,0.8358724523143289
431,south yarra,144.9914825,-37.83920603,Federation Square Bus Depot,3.1003752855565656,South Yarra Station,0.08887097479787613,Tram Stop 20 @ Park Street,2.0061901051688165
432,southbank,144.9642691,-37.82527864,Federation Square Bus Depot,1.0569318250303998,Flinders Street Station,0.8056291659671948,Tram Stop 13 - Federation Square (3/3a/5/6/16/64/67/72),0.8433607005446477
433,spotswood,144.88797240000002,-37.82998945,Newport Interchange,1.475712605631803,Newport Station,1.484390727394779,Tram Stop D18,4.850517803002762
434,springvale,145.1578294,-37.94570636,Waverley Gardens Bus Interchange,2.883620863739392,Springvale Station,0.5676631616274729,,
435,springvale south,145.14786819999998,-37.97083566,Waverley Gardens Bus Interchange,5.263592066291504,Sandown Park Station,2.055755491325733,,
436,st albans,144.8049753,-37.74509368,Alfrieda Street Bus Terminus,0.4163023066248936,St Albans Station,0.46863315384980647,,
437,st andrews,145.28739140000002,-37.58324285,Strathy Bus Stop,4.273408468936015,,,,
438,st andrews beach,144.83111780000002,-38.41997245,Bus Stop ID 12697 (788),9.401886745653707,,,,
439,st helena,145.12948740000002,-37.68953561,Main Street Bus Stops,2.5492768840399638,Greensborough Station,2.4796306930531187,,
440,st kilda,144.98159840000002,-37.86378606,Federation Square Bus Depot,5.292072747150539,Balaclava Station,1.2076728728922959,Tram Stop 20 @ Park Street,3.757747134800037
441,st kilda east,145.0021447,-37.86680573,SmartBus Terminus Caulfield Station,3.7953879959814465,Balaclava Station,0.7977343825983958,Tram Stop 20 @ Park Street,4.82213507715164
442,st kilda west,144.9712179,-37.85800942,Federation Square Bus Depot,4.55509709834238,Windsor Station,1.8430862507191494,Tram Stop 20 @ Park Street,3.0036427685773965
443,steels creek,145.3809773,-37.57972956,Bus Stop 23440,5.162313355286059,Yarra Glen Station - Yarra Valley Railway,9.105256795952291,,
444,strathewen,145.2809373,-37.53362135,Strathy Bus Stop,2.0345803434020135,,,,
445,strathmore,144.9170691,-37.73329344,Tram Stop 37,2.8599351687991277,Pascoe Vale Station,1.0208423083768967,,
446,strathmore heights,144.89707109999998,-37.71345276,Broadmeadows Station Bus Interchange,3.907375191040094,Glenroy Station,2.039343849200843,,
447,sunbury,144.71494130000002,-37.54707201,,,Sunbury Station,3.7460628187921703,,
448,sunshine,144.8342291,-37.78937046,Sunshine Bus Interchange,0.2604935586570401,Sunshine Station,0.21479790224149867,,
449,sunshine north,144.83621530000002,-37.763981799999996,Sunshine Bus Interchange,2.6220269228005373,Ginifer Station,2.399531045811264,,
450,sunshine west,144.81108830000002,-37.79834231,Sunshine Bus Interchange,2.2467156421706957,Ardeer Station,1.883208192302469,,
451,surrey hills,145.0980832,-37.82688121,Bus Stop Uganda Street,2.168481822001538,Chatham Station,0.8930278495522762,Tram Stop 29,6.356139680683226
452,sydenham,144.7652467,-37.69969552,Keilor Plains Station,4.186793104054433,Watergardens Station,0.7801452287095978,,
453,tarneit,144.6778781,-37.83087749,Werribee Station Bus Interchange,7.68796265646064,Hoppers Crossing Station,6.158576971736989,,
454,taylors hill,144.75284530000002,-37.71522708,Keilor Plains Station,3.961529170770137,Watergardens Station,2.4392487437176955,,
455,taylors lakes,144.7863236,-37.69868636,Keilor Plains Station,3.516377909470214,Watergardens Station,1.1223029805744633,,
456,tecoma,145.3447081,-37.90300351,ベルグレーブ駅バスターミナル (Belgrave Station Bus Interchange),1.1765710037657802,Tecoma Station,0.5952903981351395,,
457,templestowe,145.1486406,-37.75405954,The Pines Bus Interchange,1.9961520241084532,"Diamond Valley ""B"" Signal Box",2.3022243694553453,,
458,templestowe lower,145.112223,-37.76386755,Bulleen Terminus,1.2948800791829334,"Diamond Valley ""B"" Signal Box",4.260515894343906,,
459,the basin,145.3212686,-37.85566263,ベルグレーブ駅バスターミナル (Belgrave Station Bus Interchange),6.692473391342293,Boronia Station,3.2661623510038647,,
460,the patch,145.40220300000001,-37.8918531,ベルグレーブ駅バスターミナル (Belgrave Station Bus Interchange),4.588482188314413,Menzies Creek Puffing Billy Station,3.227864301438186,,
461,thomastown,145.0082605,-37.68395722,Bus Stop 10838,1.2992592183033786,Thomastown Station,0.6733989121334176,,
462,thornbury,145.0050219,-37.75833155,Clifton Hill Interchange,3.2249090180256332,Thornbury Station,0.6771520322961695,Tram Stop 8 - Melbourne Central Station/State Library,6.773515610521156
463,three bridges,145.73168869999998,-37.85458354,,,,,,
464,toolangi,145.506707,-37.50857385,,,,,,
465,toolern vale,144.5943071,-37.61480928,Woodgrove Bus Stop,8.235616761396999,,,,
466,tooradin,145.3827514,-38.20132446,Koo Wee Rup Clock Tower,9.388724638574816,,,,
467,toorak,145.01758049999998,-37.84162266,SmartBus Terminus Caulfield Station,4.561617997889671,Toorak Station,1.064106378349991,Tram Stop 29,1.7287880491724916
468,tootgarook,144.8501496,-38.3776792,Bus Stop 13175,7.608444026116028,,,,
469,tottenham,144.8528875,-37.80461933,Sunshine Bus Interchange,2.615952263284468,Tottenham Station,1.1004898973551829,Tram Stop D18,8.036209387098156
470,travancore,144.935519,-37.78080673,Moonee Ponds Junction Bus Stop,1.8457634144650925,Flemington Bridge Station,0.8839055107991831,Tram Stop 8 - Melbourne Central Station/State Library,4.105204308028349
471,tremont,145.3157487,-37.87883218,ベルグレーブ駅バスターミナル (Belgrave Station Bus Interchange),4.868345214060161,Upper Ferntree Gully Station,1.6887183023652692,,
472,truganina,144.7344877,-37.83192348,Werribee Station Bus Interchange,9.863212682596533,Williams Landing Station,4.362293059512493,,
473,tuerong,145.09671830000002,-38.2986869,,,Hastings station,7.847423586769445,,
474,tullamarine,144.87178490000002,-37.70459822,Long Term Car Park Bus Shelter E,3.044004228732737,Glenroy Station,4.017132564753736,,
475,tyabb,145.18718959999998,-38.26369293,,,Tyabb Station,0.45326695879727713,,
476,upper ferntree gully,145.3098774,-37.89665097,ベルグレーブ駅バスターミナル (Belgrave Station Bus Interchange),4.232882512633965,Upper Ferntree Gully Station,0.49438797280365737,,
477,upper plenty,145.05475800000002,-37.41967834,Taylors Ln / High St Bus Stop,6.8291204459560735,Heathcote Junction Station,5.8852830449107705,,
478,upwey,145.32797119999998,-37.90519866,ベルグレーブ駅バスターミナル (Belgrave Station Bus Interchange),2.438351242215465,Upwey Station,0.34372020418849836,,
479,vermont,145.1993105,-37.83840511,Ringwood Bus Terminal,2.488332194194727,Heatherdale Station,1.126637599110169,,
480,vermont south,145.1878296,-37.85438401,Glen Waverley Bus Interchange,3.5361455021208714,Heatherdale Station,2.9998005161982353,,
481,viewbank,145.09322969999997,-37.73990693,Bulleen Terminus,3.384361933165957,Rosanna Station,2.4152685335876707,,
482,wallan,144.95459169999998,-37.44185678,Ned Kelly Junction,6.969465096539995,,,,
483,wandin east,145.45487769999997,-37.81230725,Bus Stop 8922 - Five Ways,7.786916529070163,,,,
484,wandin north,145.4262908,-37.78059771,Lilydale Station Bus Terminus,7.481812370515052,Lilydale Station,7.473886534015246,,
485,wandong,144.9786573,-37.35716213,,,Wandong Station,4.258445949240316,,
486,wantirna,145.2259658,-37.85232581,Ringwood Bus Terminal,2.060159642081439,Heatherdale Station,2.3416337444401703,,
487,wantirna south,145.2215305,-37.87406328,Knox City Bus Interchange,1.6081521448364642,Heatherdale Station,4.456338249639817,,
488,warburton,145.7194347,-37.78082306,Coach Parking,3.906452118133117,,,,
489,warneet,145.3117368,-38.22130729,,,,,,
490,warrandyte,145.2091016,-37.74783013,The Pines Bus Interchange,3.9572043366452956,"Diamond Valley ""B"" Signal Box",6.074772270694149,,
491,warrandyte south,145.2440678,-37.75960637,Ringwood Station Bus Interchange,6.322499191189755,Croydon Station,5.107835073669063,,
492,warranwood,145.250079,-37.77251619,Ringwood Station Bus Interchange,5.094331481274306,Croydon Station,3.6865839388375132,,
493,waterways,145.13048510000002,-38.01476439,Dandenong Station Bus Interchange,7.497149642185305,Aspendale Station,2.846762059463855,,
494,watsonia,145.0836607,-37.71044027,Main Street Bus Stops,2.167077231695023,Watsonia Station,0.07923208404636482,,
495,watsonia north,145.084885,-37.69601905,Main Street Bus Stops,2.1051438034182377,Watsonia Station,1.6834916031049247,,
496,wattle glen,145.191528,-37.66999571,Main Street Bus Stops,8.363084068794695,Wattle Glen Station,1.0720824455432667,,
497,werribee,144.6655946,-37.89624346,Werribee Station Bus Interchange,0.5181772613045424,Werribee Station,0.5505832512069702,,
498,werribee south,144.69769019999998,-37.936383299999996,Werribee Station Bus Interchange,5.293933340064557,Werribee Station,5.200009562923529,,
499,wesburn,145.6970762,-37.69007646,Coach Parking,6.434272054320625,,,,
500,west footscray,144.8710051,-37.80055536,Yarraville Bus Depot,2.3677547123460934,Tottenham Station,0.6867034763419062,Tram Stop D18,6.630339930239484
501,west melbourne,144.92520290000002,-37.80935015,Southern Cross Station Coach Terminal,2.5107968912426863,South Kensington Station,1.087012437432419,Tram Stop D18,1.9402480367041623
502,westmeadows,144.89408390000003,-37.67510597,Broadmeadows Station Bus Interchange,2.359824726784204,Broadmeadows Station,2.4150175963204723,,
503,wheelers hill,145.18684330000002,-37.90760877,Waverley Gardens Bus Interchange,3.1216910487583007,Glen Waverley Station,3.762060810642932,,
504,whittlesea,145.13224430000002,-37.46046556,,,,,,
505,wildwood,144.8078271,-37.54725977,Sunbury Bus Terminal,7.8289003235659695,Sunbury Station,7.898729051215766,,
506,williams landing,144.74945269999998,-37.86180275,Werribee Station Bus Interchange,8.824977799274322,Williams Landing Station,0.9428321839400485,,
507,williamstown,144.8920898,-37.86157992,Newport Interchange,2.2794749108687844,Williamstown Beach Station,0.33180491499582443,Tram Stop D18,6.296752477133045
508,williamstown north,144.8670081,-37.85307815,Newport Interchange,1.7909975611104074,Newport Station,1.8435905691876449,Tram Stop D18,7.497607558204286
509,willowmavin,144.887584,-37.22408888,,,,,,
510,windsor,144.9921845,-37.85447083,Federation Square Bus Depot,4.591079826849527,Windsor Station,0.17453730304958318,Tram Stop 20 @ Park Street,3.1976622425099785
511,wollert,145.0009082,-37.59659678,,,Craigieburn Station,5.162307812536988,,
512,wonga park,145.2697986,-37.73568023,Lilydale Station Bus Terminus,7.184442605776316,Mooroolbark Station,6.613429544274324,,
513,woodend,144.52637140000002,-37.36235872,,,Woodend Train Station,0.3542549307599335,,
514,woodend north,144.528661,-37.31580803,,,Woodend Train Station,4.818073310043689,,
515,woodstock,145.0290999,-37.54255029,,,Donnybrook Station,5.211894610191327,,
516,woori yallock,145.5365847,-37.78797777,Cairncroft Avenue Bus Stop,2.6284326744975357,Yarra Junction Station,5.950500272976754,,
517,wyndham vale,144.5409938,-37.84152825,Bus Stop #50261,6.88474237272345,Wyndham Vale Station,6.883089666068452,,
518,yallambie,145.09350569999998,-37.72515069,Main Street Bus Stops,2.6520120357591828,Watsonia Station,1.7820555402092453,,
519,yan yean,145.12857,-37.54603601,,,Mernda Station,6.707244931363628,,
520,yannathan,145.6438841,-38.22526288,,,,,,
521,yarra glen,145.381526,-37.64682216,,,Tarrawarra Station - Yarra Valley Railway,4.105063443210608,,
522,yarra junction,145.626452,-37.79614994,Coach Parking,8.703684957741656,Yarra Junction Station,3.0016665498843444,,
523,yarrambat,145.13484230000003,-37.63753591,Main Street Bus Stops,7.7499040353674555,Diamond Creek Station,4.482198692101433,,
524,yarraville,144.88184760000001,-37.8180019,Yarraville Bus Depot,0.6757355381539054,Yarraville Station,0.7681670570529879,Tram Stop D18,5.291257039498064
525,yellingbo,145.5290878,-37.84600952,Bus Stop 14559,9.117679623074242,Gembrook Puffing Billy Station,9.747258809915689,,
526,yuroke,144.8798729,-37.58362055,SkyBus T1 Bus Stop,9.886990334271625,Craigieburn Station,5.932308767303932,,
